latitude,longitude,brightness,scan,track,acq_date,acq_time,satellite,confidence,version,bright_t31,frp,daynight,incendio,fecha,temperatura,humedad,pr_atm,temp_min,temp_max
4.2860000000000005,-55.495,307.5,2.1,1.4,10/19/2018,1650,A,54,6.0NRT,285.1,10.5,D,0,2018-10-19,309.663,39,1005.19,309.663,309.663
4.3069999999999995,-55.44,308.9,2.1,1.4,10/19/2018,1650,A,48,6.0NRT,286.3,14.0,D,0,2018-10-19,309.663,39,1005.19,309.663,309.663
4.2860000000000005,-55.5,310.9,2.1,1.4,10/19/2018,1650,A,61,6.0NRT,286.3,17.2,D,0,2018-10-19,309.488,38,1000.89,309.488,309.488
4.711,-55.281000000000006,307.8,2.0,1.4,10/19/2018,1650,A,50,6.0NRT,283.2,12.0,D,0,2018-10-19,305.713,55,1010.78,305.713,305.713
4.708,-55.299,306.8,2.0,1.4,10/19/2018,1650,A,43,6.0NRT,282.3,10.7,D,0,2018-10-19,305.713,55,1010.78,305.713,305.713
4.712,-55.287,310.3,2.0,1.4,10/19/2018,1650,A,62,6.0NRT,282.8,17.6,D,0,2018-10-19,305.713,55,1010.78,305.713,305.713
4.822,-55.255,323.1,2.0,1.4,10/19/2018,1650,A,80,6.0NRT,289.9,47.1,D,1,2018-10-19,305.713,55,1010.78,305.713,305.713
4.82,-55.273,324.8,2.0,1.4,10/19/2018,1650,A,81,6.0NRT,290.4,52.2,D,1,2018-10-19,305.713,55,1010.78,305.713,305.713
5.004,-55.187,311.2,2.0,1.4,10/19/2018,1650,A,47,6.0NRT,282.4,21.4,D,0,2018-10-19,306.15,55,1008.0,306.15,306.15
5.394,-53.005,319.6,1.3,1.1,10/19/2018,1650,A,55,6.0NRT,297.8,11.8,D,0,2018-10-19,302.313,86,1020.35,302.313,302.313
5.449,-53.32,313.1,1.4,1.2,10/19/2018,1650,A,42,6.0NRT,291.4,9.1,D,0,2018-10-19,303.563,66,1016.46,303.563,303.563
5.474,-53.553000000000004,363.0,1.5,1.2,10/19/2018,1650,A,100,6.0NRT,295.0,158.2,D,1,2018-10-19,303.563,66,1016.46,303.563,303.563
5.472,-53.566,329.5,1.5,1.2,10/19/2018,1650,A,84,6.0NRT,290.6,42.2,D,1,2018-10-19,303.563,66,1016.46,303.563,303.563
5.506,-53.948,309.2,1.6,1.2,10/19/2018,1650,A,45,6.0NRT,290.9,9.0,D,0,2018-10-19,302.913,82,1015.57,302.913,302.913
5.58,-53.601000000000006,315.7,1.5,1.2,10/19/2018,1650,A,69,6.0NRT,294.0,14.1,D,1,2018-10-19,303.563,66,1016.46,303.563,303.563
5.579,-53.614,342.5,1.5,1.2,10/19/2018,1650,A,92,6.0NRT,295.3,73.9,D,1,2018-10-19,303.563,66,1016.46,303.563,303.563
5.652,-53.74100000000001,317.1,1.5,1.2,10/19/2018,1650,A,23,6.0NRT,297.6,12.9,D,0,2018-10-19,302.913,82,1015.57,302.913,302.913
5.374,-55.583,311.7,2.1,1.4,10/19/2018,1650,A,60,6.0NRT,292.7,17.6,D,0,2018-10-19,305.62,55,1008.0,305.15,306.15
5.371,-55.601000000000006,314.5,2.1,1.4,10/19/2018,1650,A,69,6.0NRT,294.2,24.1,D,1,2018-10-19,305.62,55,1008.0,305.15,306.15
5.374,-55.588,312.7,2.1,1.4,10/19/2018,1650,A,32,6.0NRT,293.0,17.4,D,0,2018-10-19,305.62,55,1008.0,305.15,306.15
5.297000000000001,-57.364,305.6,2.9,1.6,10/19/2018,1650,A,38,6.0NRT,281.0,16.8,D,0,2018-10-19,310.038,39,1014.92,310.038,310.038
5.297999999999999,-57.369,304.9,2.9,1.6,10/19/2018,1650,A,23,6.0NRT,280.9,15.6,D,0,2018-10-19,310.038,39,1014.92,310.038,310.038
5.819,-56.855,326.3,2.6,1.5,10/19/2018,1650,A,83,6.0NRT,287.7,72.8,D,1,2018-10-19,304.163,82,1019.87,304.163,304.163
5.825,-56.861999999999995,321.7,2.6,1.5,10/19/2018,1650,A,65,6.0NRT,288.4,54.3,D,0,2018-10-19,304.163,82,1019.87,304.163,304.163
-13.638,-43.282,340.1,1.1,1.1,10/19/2018,1645,A,85,6.0NRT,309.6,26.2,D,1,2018-10-19,301.063,64,966.28,301.063,301.063
-13.639000000000001,-43.293,339.1,1.1,1.1,10/19/2018,1645,A,73,6.0NRT,310.4,24.7,D,1,2018-10-19,301.063,64,966.28,301.063,301.063
-12.620999999999999,-39.958,346.1,1.9,1.3,10/19/2018,1645,A,92,6.0NRT,297.8,100.0,D,1,2018-10-19,302.563,52,990.84,302.563,302.563
-13.151,-43.232,334.6,1.1,1.1,10/19/2018,1645,A,32,6.0NRT,303.5,23.4,D,0,2018-10-19,300.813,78,964.66,300.813,300.813
-12.625,-39.946,328.7,1.9,1.3,10/19/2018,1645,A,56,6.0NRT,292.6,32.7,D,0,2018-10-19,302.563,52,990.84,302.563,302.563
-12.628,-39.964,331.6,1.9,1.3,10/19/2018,1645,A,73,6.0NRT,295.9,40.1,D,1,2018-10-19,302.563,52,990.84,302.563,302.563
-12.3,-41.001999999999995,330.1,1.6,1.2,10/19/2018,1645,A,74,6.0NRT,303.6,21.8,D,1,2018-10-19,295.15,88,1016.0,295.15,295.15
-12.200999999999999,-43.464,346.7,1.1,1.1,10/19/2018,1645,A,92,6.0NRT,292.9,52.1,D,1,2018-10-19,301.463,82,964.9,301.463,301.463
-12.065999999999999,-43.111000000000004,354.8,1.2,1.1,10/19/2018,1645,A,97,6.0NRT,312.6,70.5,D,1,2018-10-19,301.463,82,964.9,301.463,301.463
-12.177999999999999,-52.683,314.6,2.4,1.5,10/19/2018,1645,A,57,6.0NRT,285.7,26.5,D,0,2018-10-19,302.888,77,986.06,302.888,302.888
-9.536,-36.001,319.8,4.4,1.9,10/19/2018,1645,A,50,6.0NRT,292.0,78.8,D,0,2018-10-19,304.15,55,1011.0,304.15,304.15
-11.677999999999999,-49.865,326.4,1.4,1.2,10/19/2018,1645,A,80,6.0NRT,291.2,32.3,D,1,2018-10-19,301.888,86,993.76,301.888,301.888
-11.68,-49.878,318.0,1.4,1.2,10/19/2018,1645,A,59,6.0NRT,291.5,17.4,D,0,2018-10-19,301.888,86,993.76,301.888,301.888
-11.685,-49.871,323.7,1.4,1.2,10/19/2018,1645,A,70,6.0NRT,292.8,27.4,D,1,2018-10-19,301.888,86,993.76,301.888,301.888
-11.019,-45.86600000000001,327.8,1.0,1.0,10/19/2018,1645,A,32,6.0NRT,295.6,15.3,D,0,2018-10-19,299.463,80,943.99,299.463,299.463
-10.814,-45.089,322.7,1.0,1.0,10/19/2018,1645,A,60,6.0NRT,287.8,12.0,D,0,2018-10-19,300.138,93,960.2,300.138,300.138
-10.95,-47.263999999999996,322.9,1.0,1.0,10/19/2018,1645,A,38,6.0NRT,301.7,9.8,D,0,2018-10-19,301.063,96,973.25,301.063,301.063
-10.784,-47.265,327.1,1.0,1.0,10/19/2018,1645,A,67,6.0NRT,306.5,11.3,D,1,2018-10-19,301.063,96,973.25,301.063,301.063
-10.785,-47.273999999999994,334.2,1.0,1.0,10/19/2018,1645,A,83,6.0NRT,304.6,21.8,D,1,2018-10-19,301.063,96,973.25,301.063,301.063
-10.655,-46.74,326.8,1.0,1.0,10/19/2018,1645,A,34,6.0NRT,304.2,10.7,D,0,2018-10-19,297.563,100,961.34,297.563,297.563
-10.764000000000001,-47.586000000000006,320.3,1.1,1.0,10/19/2018,1645,A,35,6.0NRT,294.6,12.1,D,0,2018-10-19,301.063,96,973.25,301.063,301.063
-10.585,-46.757,335.1,1.0,1.0,10/19/2018,1645,A,82,6.0NRT,304.8,20.6,D,1,2018-10-19,297.563,100,961.34,297.563,297.563
-10.151,-44.034,334.8,1.1,1.1,10/19/2018,1645,A,81,6.0NRT,306.7,23.0,D,1,2018-10-19,304.488,54,962.47,304.488,304.488
-10.652000000000001,-47.762,321.5,1.1,1.0,10/19/2018,1645,A,69,6.0NRT,297.7,14.2,D,1,2018-10-19,302.063,83,978.36,302.063,302.063
-10.099,-44.111000000000004,334.4,1.1,1.1,10/19/2018,1645,A,53,6.0NRT,308.2,19.3,D,0,2018-10-19,303.388,54,970.25,303.388,303.388
-10.222000000000001,-45.196999999999996,325.9,1.0,1.0,10/19/2018,1645,A,22,6.0NRT,299.7,11.7,D,0,2018-10-19,299.813,92,961.5,299.813,299.813
-10.213,-45.198,352.1,1.0,1.0,10/19/2018,1645,A,95,6.0NRT,299.4,56.9,D,1,2018-10-19,299.813,92,961.5,299.813,299.813
-10.15,-44.888000000000005,330.3,1.0,1.0,10/19/2018,1645,A,77,6.0NRT,295.4,17.6,D,1,2018-10-19,299.813,92,961.5,299.813,299.813
-10.26,-46.86600000000001,330.2,1.0,1.0,10/19/2018,1645,A,60,6.0NRT,299.8,16.0,D,0,2018-10-19,296.038,100,972.85,296.038,296.038
-10.027999999999999,-45.31,335.3,1.0,1.0,10/19/2018,1645,A,68,6.0NRT,309.4,17.1,D,1,2018-10-19,298.788,92,945.04,298.788,298.788
-10.142999999999999,-46.693999999999996,327.7,1.0,1.0,10/19/2018,1645,A,64,6.0NRT,299.6,12.7,D,0,2018-10-19,296.038,100,972.85,296.038,296.038
-9.902000000000001,-45.07899999999999,363.6,1.0,1.0,10/19/2018,1645,A,100,6.0NRT,307.8,84.6,D,1,2018-10-19,299.813,92,961.5,299.813,299.813
-10.227,-47.553000000000004,321.7,1.1,1.0,10/19/2018,1645,A,47,6.0NRT,299.5,11.2,D,0,2018-10-19,300.388,95,982.01,300.388,300.388
-9.546,-43.095,328.6,1.3,1.1,10/19/2018,1645,A,72,6.0NRT,300.9,15.4,D,1,2018-10-19,300.438,87,964.9,300.438,300.438
-9.846,-45.45399999999999,346.5,1.0,1.0,10/19/2018,1645,A,92,6.0NRT,304.4,39.3,D,1,2018-10-19,299.638,91,971.23,299.638,299.638
-9.306000000000001,-43.257,326.4,1.3,1.1,10/19/2018,1645,A,73,6.0NRT,290.5,18.2,D,1,2018-10-19,300.438,87,964.9,300.438,300.438
-9.308,-43.268,320.8,1.3,1.1,10/19/2018,1645,A,59,6.0NRT,290.5,9.3,D,0,2018-10-19,300.438,87,964.9,300.438,300.438
-10.523,-53.506,314.5,2.6,1.6,10/19/2018,1645,A,70,6.0NRT,293.8,34.6,D,1,2018-10-19,308.338,44,986.46,308.338,308.338
-9.664,-47.603,313.6,1.0,1.0,10/19/2018,1645,A,32,6.0NRT,281.1,9.4,D,0,2018-10-19,296.588,100,986.46,296.588,296.588
-9.499,-46.951,326.8,1.0,1.0,10/19/2018,1645,A,68,6.0NRT,296.6,17.7,D,1,2018-10-19,295.938,98,964.25,295.938,295.938
-9.316,-45.794,323.5,1.0,1.0,10/19/2018,1645,A,60,6.0NRT,302.1,9.2,D,0,2018-10-19,299.638,91,971.23,299.638,299.638
-9.551,-47.845,319.2,1.1,1.0,10/19/2018,1645,A,55,6.0NRT,292.3,9.7,D,0,2018-10-19,300.663,96,996.68,300.663,300.663
-9.465,-47.883,331.5,1.1,1.0,10/19/2018,1645,A,80,6.0NRT,301.0,22.8,D,1,2018-10-19,300.663,96,996.68,300.663,300.663
-10.237,-53.912,311.1,2.8,1.6,10/19/2018,1645,A,42,6.0NRT,290.7,25.7,D,0,2018-10-19,303.913,64,970.33,303.913,303.913
-10.24,-53.937,320.7,2.8,1.6,10/19/2018,1645,A,73,6.0NRT,291.2,60.9,D,1,2018-10-19,303.913,64,970.33,303.913,303.913
-8.77,-44.17100000000001,324.0,1.1,1.1,10/19/2018,1645,A,33,6.0NRT,297.8,9.5,D,0,2018-10-19,301.713,81,986.46,301.713,301.713
-8.767999999999999,-44.178000000000004,322.6,1.1,1.1,10/19/2018,1645,A,46,6.0NRT,298.0,9.9,D,0,2018-10-19,301.713,81,986.46,301.713,301.713
-9.095,-46.498999999999995,336.1,1.0,1.0,10/19/2018,1645,A,86,6.0NRT,302.6,26.2,D,1,2018-10-19,294.313,99,960.93,294.313,294.313
-9.096,-46.508,336.4,1.0,1.0,10/19/2018,1645,A,86,6.0NRT,302.7,27.1,D,1,2018-10-19,294.313,99,960.93,294.313,294.313
-9.273,-47.825,321.5,1.1,1.0,10/19/2018,1645,A,70,6.0NRT,275.4,18.0,D,1,2018-10-19,299.688,97,998.22,299.688,299.688
-9.111,-46.873999999999995,322.8,1.0,1.0,10/19/2018,1645,A,69,6.0NRT,302.2,9.0,D,1,2018-10-19,294.313,99,960.93,294.313,294.313
-9.164,-47.836999999999996,315.3,1.1,1.0,10/19/2018,1645,A,42,6.0NRT,284.5,8.8,D,0,2018-10-19,299.688,97,998.22,299.688,299.688
-8.468,-44.711999999999996,325.0,1.1,1.0,10/19/2018,1645,A,61,6.0NRT,295.5,12.4,D,0,2018-10-19,297.538,96,981.2,297.538,297.538
-8.84,-48.083999999999996,317.1,1.1,1.0,10/19/2018,1645,A,63,6.0NRT,295.6,8.7,D,0,2018-10-19,299.688,97,998.22,299.688,299.688
-9.079,-50.332,314.3,1.4,1.2,10/19/2018,1645,A,55,6.0NRT,294.7,9.1,D,0,2018-10-19,303.563,70,987.68,303.563,303.563
-8.837,-48.792,315.1,1.1,1.1,10/19/2018,1645,A,60,6.0NRT,294.3,5.9,D,0,2018-10-19,302.213,90,990.19,302.213,302.213
-8.374,-45.773,336.5,1.0,1.0,10/19/2018,1645,A,85,6.0NRT,301.4,27.5,D,1,2018-10-19,296.563,99,982.9,296.563,296.563
-8.365,-45.773999999999994,341.7,1.0,1.0,10/19/2018,1645,A,89,6.0NRT,302.2,36.1,D,1,2018-10-19,296.563,99,982.9,296.563,296.563
-8.366,-45.783,331.7,1.0,1.0,10/19/2018,1645,A,74,6.0NRT,298.7,21.1,D,1,2018-10-19,296.563,99,982.9,296.563,296.563
-6.956,-37.981,326.8,3.4,1.7,10/19/2018,1645,A,65,6.0NRT,303.8,57.9,D,0,2018-10-19,307.038,32,971.87,307.038,307.038
-6.852,-38.732,334.2,3.0,1.7,10/19/2018,1645,A,80,6.0NRT,303.3,94.2,D,1,2018-10-19,308.988,29,986.95,308.988,308.988
-8.208,-47.708999999999996,320.7,1.0,1.0,10/19/2018,1645,A,48,6.0NRT,301.3,7.4,D,0,2018-10-19,295.913,100,1000.08,295.913,295.913
-8.166,-47.611000000000004,319.1,1.0,1.0,10/19/2018,1645,A,50,6.0NRT,298.0,7.7,D,0,2018-10-19,295.188,100,987.68,295.188,295.188
-8.167,-47.62,318.7,1.0,1.0,10/19/2018,1645,A,48,6.0NRT,296.3,8.0,D,0,2018-10-19,295.188,100,987.68,295.188,295.188
-8.154,-47.913000000000004,318.5,1.0,1.0,10/19/2018,1645,A,57,6.0NRT,298.5,9.2,D,0,2018-10-19,295.913,100,1000.08,295.913,295.913
-8.093,-47.871,325.6,1.0,1.0,10/19/2018,1645,A,72,6.0NRT,296.2,16.1,D,1,2018-10-19,297.588,99,1001.14,297.588,297.588
-8.474,-51.104,334.2,1.6,1.2,10/19/2018,1645,A,87,6.0NRT,291.2,56.5,D,1,2018-10-19,303.413,68,973.66,303.413,303.413
-6.99,-40.900999999999996,328.4,2.0,1.4,10/19/2018,1645,A,40,6.0NRT,302.9,34.4,D,0,2018-10-19,304.688,63,964.9,304.688,304.688
-7.837000000000001,-46.842,326.4,1.0,1.0,10/19/2018,1645,A,46,6.0NRT,300.6,11.0,D,0,2018-10-19,295.288,100,988.33,295.288,295.288
-7.431,-45.24,352.4,1.1,1.0,10/19/2018,1645,A,90,6.0NRT,295.9,60.4,D,1,2018-10-19,295.813,100,991.9,295.813,295.813
-7.433,-45.25,334.8,1.1,1.0,10/19/2018,1645,A,79,6.0NRT,293.0,25.3,D,1,2018-10-19,295.813,100,991.9,295.813,295.813
-7.422000000000001,-45.24100000000001,336.0,1.1,1.0,10/19/2018,1645,A,85,6.0NRT,295.9,26.6,D,1,2018-10-19,295.813,100,991.9,295.813,295.813
-7.422999999999999,-45.251000000000005,329.6,1.1,1.0,10/19/2018,1645,A,78,6.0NRT,293.9,17.9,D,1,2018-10-19,295.813,100,991.9,295.813,295.813
-6.313,-38.510999999999996,323.6,3.2,1.7,10/19/2018,1645,A,60,6.0NRT,297.2,54.3,D,0,2018-10-19,308.063,29,977.47,308.063,308.063
-7.603,-47.208,351.7,1.0,1.0,10/19/2018,1645,A,96,6.0NRT,298.1,56.9,D,1,2018-10-19,297.888,100,998.3,297.888,297.888
-7.207000000000001,-45.668,317.2,1.0,1.0,10/19/2018,1645,A,48,6.0NRT,292.1,7.3,D,0,2018-10-19,296.713,99,990.84,296.713,296.713
-7.327000000000001,-46.691,328.5,1.0,1.0,10/19/2018,1645,A,75,6.0NRT,300.6,11.4,D,1,2018-10-19,299.913,96,980.87,299.913,299.913
-7.729,-50.086999999999996,324.7,1.3,1.1,10/19/2018,1645,A,79,6.0NRT,289.3,26.1,D,1,2018-10-19,300.313,100,992.63,300.313,300.313
-7.731,-50.099,363.5,1.3,1.1,10/19/2018,1645,A,94,6.0NRT,291.6,136.6,D,1,2018-10-19,302.463,77,976.82,302.463,302.463
-7.236000000000001,-46.88399999999999,338.0,1.0,1.0,10/19/2018,1645,A,87,6.0NRT,295.9,31.1,D,1,2018-10-19,299.913,96,980.87,299.913,299.913
-6.81,-44.35,337.5,1.2,1.1,10/19/2018,1645,A,85,6.0NRT,299.9,36.1,D,1,2018-10-19,298.713,99,985.01,298.713,298.713
-6.777,-44.742,324.9,1.1,1.1,10/19/2018,1645,A,50,6.0NRT,302.4,13.6,D,0,2018-10-19,297.638,100,979.57,297.638,297.638
-6.779,-44.751999999999995,325.2,1.1,1.1,10/19/2018,1645,A,58,6.0NRT,299.3,15.2,D,0,2018-10-19,297.638,100,979.57,297.638,297.638
-7.063,-46.702,315.2,1.0,1.0,10/19/2018,1645,A,48,6.0NRT,290.6,5.5,D,0,2018-10-19,299.913,96,980.87,299.913,299.913
-7.064,-46.711000000000006,316.0,1.0,1.0,10/19/2018,1645,A,41,6.0NRT,294.2,6.2,D,0,2018-10-19,299.913,96,980.87,299.913,299.913
-7.0360000000000005,-46.641999999999996,322.4,1.0,1.0,10/19/2018,1645,A,72,6.0NRT,296.2,9.6,D,1,2018-10-19,299.913,96,980.87,299.913,299.913
-6.422999999999999,-42.852,337.0,1.5,1.2,10/19/2018,1645,A,79,6.0NRT,304.8,42.8,D,1,2018-10-19,304.913,56,996.68,304.913,304.913
-6.425,-42.865,332.9,1.5,1.2,10/19/2018,1645,A,61,6.0NRT,303.6,29.6,D,0,2018-10-19,304.913,56,996.68,304.913,304.913
-6.965,-46.732,342.1,1.0,1.0,10/19/2018,1645,A,91,6.0NRT,296.9,35.9,D,1,2018-10-19,299.913,96,980.87,299.913,299.913
-6.966,-46.74100000000001,338.5,1.0,1.0,10/19/2018,1645,A,88,6.0NRT,295.5,30.4,D,1,2018-10-19,299.913,96,980.87,299.913,299.913
-6.672999999999999,-46.553999999999995,321.2,1.0,1.0,10/19/2018,1645,A,42,6.0NRT,290.9,11.5,D,0,2018-10-19,302.138,82,982.25,302.138,302.138
-6.675,-46.563,320.3,1.0,1.0,10/19/2018,1645,A,26,6.0NRT,290.7,10.4,D,0,2018-10-19,302.138,82,982.25,302.138,302.138
-7.803999999999999,-54.918,307.1,3.1,1.7,10/19/2018,1645,A,23,6.0NRT,286.2,20.8,D,0,2018-10-19,305.138,56,980.3,305.138,305.138
-6.269,-44.619,330.1,1.2,1.1,10/19/2018,1645,A,68,6.0NRT,302.6,19.2,D,1,2018-10-19,300.538,72,993.27,300.538,300.538
-6.454,-45.867,322.8,1.0,1.0,10/19/2018,1645,A,43,6.0NRT,300.4,9.9,D,0,2018-10-19,297.138,100,972.2,297.138,297.138
-5.678999999999999,-41.333999999999996,326.2,2.0,1.4,10/19/2018,1645,A,49,6.0NRT,301.2,28.1,D,0,2018-10-19,306.538,43,980.63,306.538,306.538
-5.58,-40.937,327.2,2.1,1.4,10/19/2018,1645,A,66,6.0NRT,304.3,35.5,D,1,2018-10-19,302.188,75,970.25,302.188,302.188
-6.415,-46.62,337.2,1.0,1.0,10/19/2018,1645,A,81,6.0NRT,285.8,31.0,D,1,2018-10-19,302.138,82,982.25,302.138,302.138
-6.417000000000001,-46.629,357.7,1.0,1.0,10/19/2018,1645,A,74,6.0NRT,286.6,72.6,D,1,2018-10-19,302.138,82,982.25,302.138,302.138
-5.553999999999999,-41.016999999999996,329.3,2.1,1.4,10/19/2018,1645,A,71,6.0NRT,304.1,33.8,D,1,2018-10-19,302.188,75,970.25,302.188,302.188
-6.247999999999999,-45.593999999999994,328.1,1.1,1.0,10/19/2018,1645,A,48,6.0NRT,303.0,12.9,D,0,2018-10-19,301.338,100,992.14,301.338,301.338
-5.485,-40.83,353.4,2.2,1.4,10/19/2018,1645,A,96,6.0NRT,306.8,162.0,D,1,2018-10-19,302.188,75,970.25,302.188,302.188
-5.484,-40.815,337.8,2.2,1.4,10/19/2018,1645,A,83,6.0NRT,305.9,65.7,D,1,2018-10-19,302.188,75,970.25,302.188,302.188
-5.487,-40.834,343.9,2.2,1.4,10/19/2018,1645,A,89,6.0NRT,307.0,100.9,D,1,2018-10-19,302.188,75,970.25,302.188,302.188
-5.886,-43.842,339.3,1.3,1.1,10/19/2018,1645,A,85,6.0NRT,304.4,34.1,D,1,2018-10-19,303.288,66,994.89,303.288,303.288
-5.928999999999999,-44.126000000000005,362.0,1.2,1.1,10/19/2018,1645,A,100,6.0NRT,307.4,105.1,D,1,2018-10-19,300.538,72,993.27,300.538,300.538
-5.691,-42.723,327.4,1.6,1.2,10/19/2018,1645,A,46,6.0NRT,302.1,22.5,D,0,2018-10-19,307.788,48,1002.76,307.788,307.788
-5.192,-39.705999999999996,326.6,2.7,1.6,10/19/2018,1645,A,63,6.0NRT,305.3,31.8,D,0,2018-10-19,307.238,35,969.6,307.238,307.238
-5.15,-39.711999999999996,332.6,2.7,1.6,10/19/2018,1645,A,72,6.0NRT,305.3,57.2,D,1,2018-10-19,307.238,35,969.6,307.238,307.238
-5.1610000000000005,-39.785,326.8,2.7,1.6,10/19/2018,1645,A,60,6.0NRT,305.2,27.4,D,0,2018-10-19,307.238,35,969.6,307.238,307.238
-5.136,-39.715,328.1,2.7,1.6,10/19/2018,1645,A,64,6.0NRT,305.5,31.0,D,0,2018-10-19,307.238,35,969.6,307.238,307.238
-5.138999999999999,-39.739000000000004,328.6,2.7,1.6,10/19/2018,1645,A,65,6.0NRT,305.9,34.3,D,0,2018-10-19,307.238,35,969.6,307.238,307.238
-5.14,-39.669000000000004,328.5,2.8,1.6,10/19/2018,1645,A,69,6.0NRT,305.3,37.0,D,1,2018-10-19,307.238,35,969.6,307.238,307.238
-5.147,-39.718,340.3,2.7,1.6,10/19/2018,1645,A,81,6.0NRT,305.6,107.4,D,1,2018-10-19,307.238,35,969.6,307.238,307.238
-5.1579999999999995,-39.791,328.7,2.7,1.6,10/19/2018,1645,A,69,6.0NRT,305.7,36.7,D,1,2018-10-19,307.238,35,969.6,307.238,307.238
-5.849,-44.42100000000001,328.4,1.2,1.1,10/19/2018,1645,A,53,6.0NRT,303.5,14.0,D,0,2018-10-19,300.538,72,993.27,300.538,300.538
-6.064,-46.413000000000004,318.8,1.0,1.0,10/19/2018,1645,A,49,6.0NRT,296.9,5.2,D,0,2018-10-19,303.413,77,992.63,303.413,303.413
-4.9830000000000005,-39.727,328.6,2.7,1.6,10/19/2018,1645,A,69,6.0NRT,304.6,37.0,D,1,2018-10-19,307.188,34,973.09,307.188,307.188
-4.977,-39.708,328.8,2.8,1.6,10/19/2018,1645,A,70,6.0NRT,304.6,40.9,D,1,2018-10-19,307.188,34,973.09,307.188,307.188
-4.981,-39.732,327.1,2.7,1.6,10/19/2018,1645,A,66,6.0NRT,304.5,30.2,D,1,2018-10-19,307.188,34,973.09,307.188,307.188
-6.005,-46.71,323.6,1.0,1.0,10/19/2018,1645,A,55,6.0NRT,295.8,12.3,D,0,2018-10-19,303.563,84,988.98,303.563,303.563
-5.774,-45.231,326.4,1.1,1.0,10/19/2018,1645,A,71,6.0NRT,299.5,16.9,D,1,2018-10-19,303.713,83,991.73,303.713,303.713
-6.767,-52.45399999999999,312.4,1.9,1.3,10/19/2018,1645,A,68,6.0NRT,291.6,15.4,D,1,2018-10-19,299.713,89,988.57,299.713,299.713
-6.572,-51.097,312.6,1.5,1.2,10/19/2018,1645,A,41,6.0NRT,289.8,12.7,D,0,2018-10-19,301.463,85,990.19,301.463,301.463
-7.15,-55.486000000000004,304.1,3.3,1.7,10/19/2018,1645,A,0,6.0NRT,278.7,23.0,D,0,2018-10-19,307.963,45,989.46,307.963,307.963
-4.856,-40.079,327.2,2.6,1.5,10/19/2018,1645,A,67,6.0NRT,304.2,38.2,D,1,2018-10-19,305.438,44,966.28,305.438,305.438
-4.812,-39.894,328.8,2.7,1.6,10/19/2018,1645,A,71,6.0NRT,300.4,50.2,D,1,2018-10-19,307.188,34,973.09,307.188,307.188
-4.816,-39.919000000000004,324.9,2.7,1.6,10/19/2018,1645,A,47,6.0NRT,302.2,31.5,D,0,2018-10-19,305.438,44,966.28,305.438,305.438
-4.827,-39.988,326.1,2.6,1.6,10/19/2018,1645,A,64,6.0NRT,303.9,35.0,D,0,2018-10-19,305.438,44,966.28,305.438,305.438
-4.798,-39.895,325.5,2.7,1.6,10/19/2018,1645,A,52,6.0NRT,298.9,34.6,D,0,2018-10-19,307.188,34,973.09,307.188,307.188
-4.802,-39.921,324.8,2.7,1.6,10/19/2018,1645,A,26,6.0NRT,302.4,31.5,D,0,2018-10-19,305.438,44,966.28,305.438,305.438
-4.823,-39.897,325.7,2.7,1.6,10/19/2018,1645,A,65,6.0NRT,300.9,35.1,D,0,2018-10-19,307.188,34,973.09,307.188,307.188
-4.8260000000000005,-39.922,325.7,2.7,1.6,10/19/2018,1645,A,58,6.0NRT,301.8,34.8,D,0,2018-10-19,305.438,44,966.28,305.438,305.438
-4.851,-40.085,325.6,2.6,1.5,10/19/2018,1645,A,62,6.0NRT,303.8,32.7,D,0,2018-10-19,305.438,44,966.28,305.438,305.438
-4.823,-39.994,327.4,2.6,1.6,10/19/2018,1645,A,69,6.0NRT,303.6,42.0,D,1,2018-10-19,305.438,44,966.28,305.438,305.438
-4.795,-39.902,328.5,2.7,1.6,10/19/2018,1645,A,70,6.0NRT,299.1,50.6,D,1,2018-10-19,307.188,34,973.09,307.188,307.188
-4.774,-39.955,323.2,2.7,1.6,10/19/2018,1645,A,45,6.0NRT,302.5,27.6,D,0,2018-10-19,305.438,44,966.28,305.438,305.438
-5.471,-44.621,331.2,1.2,1.1,10/19/2018,1645,A,61,6.0NRT,305.8,17.3,D,0,2018-10-19,306.438,52,1000.89,306.438,306.438
-4.75,-39.983000000000004,321.7,2.6,1.6,10/19/2018,1645,A,35,6.0NRT,300.9,20.5,D,0,2018-10-19,305.438,44,966.28,305.438,305.438
-5.629,-46.526,321.4,1.0,1.0,10/19/2018,1645,A,35,6.0NRT,296.3,8.8,D,0,2018-10-19,305.163,62,988.17,305.163,305.163
-4.605,-39.667,324.1,2.8,1.6,10/19/2018,1645,A,55,6.0NRT,300.3,43.5,D,0,2018-10-19,307.188,34,973.09,307.188,307.188
-4.609,-39.693000000000005,323.1,2.8,1.6,10/19/2018,1645,A,46,6.0NRT,300.8,38.5,D,0,2018-10-19,307.188,34,973.09,307.188,307.188
-5.657,-46.977,319.1,1.0,1.0,10/19/2018,1645,A,48,6.0NRT,294.2,7.9,D,0,2018-10-19,305.163,62,988.17,305.163,305.163
-5.517,-46.129,320.9,1.0,1.0,10/19/2018,1645,A,42,6.0NRT,299.9,7.8,D,0,2018-10-19,303.988,81,995.71,303.988,303.988
-6.364,-52.637,316.7,1.9,1.4,10/19/2018,1645,A,60,6.0NRT,287.5,22.4,D,0,2018-10-19,299.163,96,984.52,299.163,299.163
-6.35,-52.576,323.0,1.9,1.3,10/19/2018,1645,A,80,6.0NRT,292.2,34.4,D,1,2018-10-19,299.163,96,984.52,299.163,299.163
-6.352,-52.593,341.1,1.9,1.3,10/19/2018,1645,A,92,6.0NRT,293.0,97.8,D,1,2018-10-19,299.163,96,984.52,299.163,299.163
-6.297999999999999,-52.74,313.3,2.0,1.4,10/19/2018,1645,A,70,6.0NRT,288.5,20.6,D,1,2018-10-19,299.163,96,984.52,299.163,299.163
-5.612,-47.75899999999999,319.0,1.0,1.0,10/19/2018,1645,A,59,6.0NRT,297.4,8.3,D,0,2018-10-19,305.813,67,1003.49,305.813,305.813
-5.202000000000001,-45.099,332.5,1.1,1.1,10/19/2018,1645,A,80,6.0NRT,299.2,24.4,D,1,2018-10-19,308.338,48,1005.27,308.338,308.338
-6.252000000000001,-52.611000000000004,317.4,1.9,1.3,10/19/2018,1645,A,75,6.0NRT,293.5,23.1,D,1,2018-10-19,302.838,71,993.76,302.838,302.838
-5.495,-47.65,326.0,1.0,1.0,10/19/2018,1645,A,76,6.0NRT,298.9,13.3,D,1,2018-10-19,305.188,71,996.92,305.188,305.188
-4.9319999999999995,-43.812,334.5,1.3,1.2,10/19/2018,1645,A,46,6.0NRT,311.4,30.0,D,0,2018-10-19,303.938,74,1008.59,303.938,303.938
-5.101,-45.11,326.6,1.1,1.1,10/19/2018,1645,A,54,6.0NRT,300.5,14.9,D,0,2018-10-19,308.338,48,1005.27,308.338,308.338
-5.103,-45.12,339.7,1.1,1.1,10/19/2018,1645,A,82,6.0NRT,300.7,38.1,D,1,2018-10-19,308.338,48,1005.27,308.338,308.338
-5.069,-45.021,351.4,1.1,1.1,10/19/2018,1645,A,90,6.0NRT,300.9,64.8,D,1,2018-10-19,307.038,55,1008.68,307.038,307.038
-5.07,-45.031000000000006,349.1,1.1,1.1,10/19/2018,1645,A,82,6.0NRT,297.7,59.2,D,1,2018-10-19,307.038,55,1008.68,307.038,307.038
-5.044,-45.118,354.3,1.1,1.1,10/19/2018,1645,A,84,6.0NRT,300.4,69.2,D,1,2018-10-19,307.038,55,1008.68,307.038,307.038
-5.032,-45.06399999999999,327.4,1.1,1.1,10/19/2018,1645,A,27,6.0NRT,300.5,15.1,D,0,2018-10-19,307.038,55,1008.68,307.038,307.038
-5.041,-45.125,383.8,1.1,1.1,10/19/2018,1645,A,75,6.0NRT,302.9,189.4,D,1,2018-10-19,307.038,55,1008.68,307.038,307.038
-4.631,-42.461000000000006,339.6,1.7,1.3,10/19/2018,1645,A,86,6.0NRT,306.4,57.5,D,1,2018-10-19,309.15,37,1008.0,309.15,309.15
-5.021,-45.117,330.1,1.1,1.1,10/19/2018,1645,A,78,6.0NRT,302.7,18.3,D,1,2018-10-19,307.038,55,1008.68,307.038,307.038
-5.265,-46.812,332.4,1.0,1.0,10/19/2018,1645,A,74,6.0NRT,297.6,20.0,D,1,2018-10-19,305.163,62,988.17,305.163,305.163
-4.268,-40.416,368.4,2.5,1.5,10/19/2018,1645,A,71,6.0NRT,299.5,362.5,D,1,2018-10-19,308.313,36,994.0,308.313,308.313
-4.984,-45.195,374.3,1.1,1.1,10/19/2018,1645,A,87,6.0NRT,299.5,142.2,D,1,2018-10-19,307.038,55,1008.68,307.038,307.038
-4.9639999999999995,-45.126000000000005,346.3,1.1,1.1,10/19/2018,1645,A,92,6.0NRT,302.8,52.7,D,1,2018-10-19,307.038,55,1008.68,307.038,307.038
-4.965,-45.136,333.1,1.1,1.1,10/19/2018,1645,A,81,6.0NRT,299.9,27.0,D,1,2018-10-19,307.038,55,1008.68,307.038,307.038
-4.934,-45.551,325.6,1.1,1.0,10/19/2018,1645,A,49,6.0NRT,300.7,12.8,D,0,2018-10-19,301.738,89,1004.14,301.738,301.738
-6.252000000000001,-55.22,314.5,3.1,1.7,10/19/2018,1645,A,72,6.0NRT,288.8,42.7,D,1,2018-10-19,306.488,46,993.03,306.488,306.488
-6.255,-55.247,311.5,3.1,1.7,10/19/2018,1645,A,64,6.0NRT,288.7,33.2,D,0,2018-10-19,306.488,46,993.03,306.488,306.488
-4.925,-45.553000000000004,335.6,1.1,1.0,10/19/2018,1645,A,84,6.0NRT,300.9,26.9,D,1,2018-10-19,301.738,89,1004.14,301.738,301.738
-4.918,-45.549,329.4,1.1,1.0,10/19/2018,1645,A,74,6.0NRT,301.5,17.8,D,1,2018-10-19,301.738,89,1004.14,301.738,301.738
-4.918,-45.608999999999995,325.2,1.1,1.0,10/19/2018,1645,A,43,6.0NRT,304.3,12.8,D,0,2018-10-19,301.738,89,1004.14,301.738,301.738
-4.919,-45.619,332.2,1.1,1.0,10/19/2018,1645,A,81,6.0NRT,302.6,23.2,D,1,2018-10-19,301.738,89,1004.14,301.738,301.738
-5.376,-48.883,322.2,1.1,1.0,10/19/2018,1645,A,60,6.0NRT,295.6,12.8,D,0,2018-10-19,309.15,53,1010.0,309.15,309.15
-6.252999999999999,-55.225,317.7,3.1,1.7,10/19/2018,1645,A,76,6.0NRT,288.9,58.1,D,1,2018-10-19,306.488,46,993.03,306.488,306.488
-5.222,-48.188,324.5,1.0,1.0,10/19/2018,1645,A,57,6.0NRT,294.6,14.1,D,0,2018-10-19,305.813,67,1003.49,305.813,305.813
-5.224,-48.196999999999996,320.0,1.0,1.0,10/19/2018,1645,A,25,6.0NRT,296.6,9.4,D,0,2018-10-19,305.813,67,1003.49,305.813,305.813
-5.58,-51.062,308.0,1.4,1.2,10/19/2018,1645,A,34,6.0NRT,274.1,9.8,D,0,2018-10-19,304.913,63,990.19,304.913,304.913
-3.977,-40.226,332.8,2.6,1.6,10/19/2018,1645,A,69,6.0NRT,297.9,73.0,D,1,2018-10-19,308.313,36,994.0,308.313,308.313
-5.153,-48.158,319.0,1.0,1.0,10/19/2018,1645,A,39,6.0NRT,294.2,9.7,D,0,2018-10-19,305.813,67,1003.49,305.813,305.813
-5.567,-51.208999999999996,308.1,1.5,1.2,10/19/2018,1645,A,32,6.0NRT,275.1,9.6,D,0,2018-10-19,304.913,63,990.19,304.913,304.913
-5.569,-51.222,313.7,1.5,1.2,10/19/2018,1645,A,56,6.0NRT,274.9,16.6,D,0,2018-10-19,304.913,63,990.19,304.913,304.913
-5.459,-51.083999999999996,315.9,1.4,1.2,10/19/2018,1645,A,72,6.0NRT,282.4,17.7,D,1,2018-10-19,304.913,63,990.19,304.913,304.913
-4.69,-45.70399999999999,422.9,1.1,1.0,10/19/2018,1645,A,87,6.0NRT,302.7,456.7,D,1,2018-10-19,301.738,89,1004.14,301.738,301.738
-4.849,-46.86,353.9,1.0,1.0,10/19/2018,1645,A,97,6.0NRT,301.5,61.4,D,1,2018-10-19,307.588,48,997.16,307.588,307.588
-4.85,-46.869,342.1,1.0,1.0,10/19/2018,1645,A,90,6.0NRT,298.1,38.2,D,1,2018-10-19,307.588,48,997.16,307.588,307.588
-4.819,-46.788999999999994,334.7,1.0,1.0,10/19/2018,1645,A,75,6.0NRT,300.9,23.4,D,1,2018-10-19,307.588,48,997.16,307.588,307.588
-4.809,-46.781000000000006,336.8,1.0,1.0,10/19/2018,1645,A,66,6.0NRT,302.5,24.6,D,1,2018-10-19,307.588,48,997.16,307.588,307.588
-4.81,-46.79,459.2,1.0,1.0,10/19/2018,1645,A,100,6.0NRT,317.3,834.6,D,1,2018-10-19,307.588,48,997.16,307.588,307.588
-4.812,-46.799,423.5,1.0,1.0,10/19/2018,1645,A,87,6.0NRT,306.6,416.3,D,1,2018-10-19,307.588,48,997.16,307.588,307.588
-4.638999999999999,-45.66,376.5,1.1,1.0,10/19/2018,1645,A,100,6.0NRT,304.7,145.3,D,1,2018-10-19,301.738,89,1004.14,301.738,301.738
-4.64,-45.669,354.9,1.1,1.0,10/19/2018,1645,A,97,6.0NRT,303.7,70.7,D,1,2018-10-19,301.738,89,1004.14,301.738,301.738
-4.8,-46.782,336.2,1.0,1.0,10/19/2018,1645,A,83,6.0NRT,297.9,22.1,D,1,2018-10-19,307.588,48,997.16,307.588,307.588
-4.802,-46.791000000000004,339.6,1.0,1.0,10/19/2018,1645,A,88,6.0NRT,299.0,28.5,D,1,2018-10-19,307.588,48,997.16,307.588,307.588
-3.835,-40.306999999999995,327.8,2.6,1.5,10/19/2018,1645,A,55,6.0NRT,299.8,44.4,D,0,2018-10-19,308.238,37,1003.81,308.238,308.238
-4.703,-46.172,360.7,1.0,1.0,10/19/2018,1645,A,100,6.0NRT,305.7,75.8,D,1,2018-10-19,303.638,63,995.95,303.638,303.638
-4.705,-46.181000000000004,387.6,1.0,1.0,10/19/2018,1645,A,100,6.0NRT,309.5,180.9,D,1,2018-10-19,303.638,63,995.95,303.638,303.638
-4.694,-46.173,368.7,1.0,1.0,10/19/2018,1645,A,100,6.0NRT,304.5,98.7,D,1,2018-10-19,303.638,63,995.95,303.638,303.638
-4.695,-46.183,467.4,1.0,1.0,10/19/2018,1645,A,100,6.0NRT,322.3,1001.2,D,1,2018-10-19,303.638,63,995.95,303.638,303.638
-4.686,-46.184,334.2,1.0,1.0,10/19/2018,1645,A,79,6.0NRT,303.9,16.9,D,1,2018-10-19,303.638,63,995.95,303.638,303.638
-4.574,-45.669,359.8,1.1,1.0,10/19/2018,1645,A,99,6.0NRT,297.3,87.6,D,1,2018-10-19,301.738,89,1004.14,301.738,301.738
-4.646,-46.214,435.9,1.0,1.0,10/19/2018,1645,A,87,6.0NRT,314.4,559.3,D,1,2018-10-19,303.638,63,995.95,303.638,303.638
-4.647,-46.224,361.2,1.0,1.0,10/19/2018,1645,A,94,6.0NRT,302.7,79.7,D,1,2018-10-19,303.638,63,995.95,303.638,303.638
-4.637,-46.216,331.8,1.0,1.0,10/19/2018,1645,A,44,6.0NRT,304.3,18.4,D,0,2018-10-19,303.638,63,995.95,303.638,303.638
-4.353,-44.324,328.2,1.3,1.1,10/19/2018,1645,A,57,6.0NRT,306.4,17.9,D,0,2018-10-19,308.313,44,1013.62,308.313,308.313
-4.565,-45.978,354.9,1.1,1.0,10/19/2018,1645,A,97,6.0NRT,303.9,66.7,D,1,2018-10-19,303.638,63,995.95,303.638,303.638
-5.058,-49.716,321.1,1.2,1.1,10/19/2018,1645,A,73,6.0NRT,297.5,14.4,D,1,2018-10-19,305.913,56,1004.38,305.913,305.913
-5.053,-49.713,320.4,1.2,1.1,10/19/2018,1645,A,76,6.0NRT,296.6,13.8,D,1,2018-10-19,305.913,56,1004.38,305.913,305.913
-4.564,-47.181999999999995,325.2,1.0,1.0,10/19/2018,1645,A,75,6.0NRT,298.2,13.3,D,1,2018-10-19,306.238,53,990.52,306.238,306.238
-5.702000000000001,-55.768,308.4,3.3,1.7,10/19/2018,1645,A,52,6.0NRT,289.4,30.2,D,0,2018-10-19,308.238,49,1002.27,308.238,308.238
-4.876,-49.9,317.2,1.2,1.1,10/19/2018,1645,A,73,6.0NRT,293.1,10.9,D,1,2018-10-19,305.913,56,1004.38,305.913,305.913
-4.475,-47.147,331.8,1.0,1.0,10/19/2018,1645,A,82,6.0NRT,302.6,18.4,D,1,2018-10-19,307.388,53,1002.92,307.388,307.388
-4.855,-49.891999999999996,328.1,1.2,1.1,10/19/2018,1645,A,83,6.0NRT,294.6,24.2,D,1,2018-10-19,305.913,56,1004.38,305.913,305.913
-4.637,-48.54,314.2,1.0,1.0,10/19/2018,1645,A,50,6.0NRT,289.3,7.3,D,0,2018-10-19,306.388,54,998.62,306.388,306.388
-4.6080000000000005,-48.468999999999994,313.0,1.0,1.0,10/19/2018,1645,A,51,6.0NRT,290.6,7.3,D,0,2018-10-19,306.388,54,998.62,306.388,306.388
-4.766,-49.835,330.8,1.2,1.1,10/19/2018,1645,A,85,6.0NRT,295.7,28.2,D,1,2018-10-19,305.913,56,1004.38,305.913,305.913
-4.727,-49.63,321.4,1.1,1.1,10/19/2018,1645,A,63,6.0NRT,291.8,13.6,D,0,2018-10-19,305.913,56,1004.38,305.913,305.913
-4.541,-48.645,333.6,1.0,1.0,10/19/2018,1645,A,85,6.0NRT,295.2,27.8,D,1,2018-10-19,306.388,54,998.62,306.388,306.388
-4.543,-48.653999999999996,328.4,1.0,1.0,10/19/2018,1645,A,81,6.0NRT,295.8,20.2,D,1,2018-10-19,306.388,54,998.62,306.388,306.388
-4.533,-48.643,329.2,1.0,1.0,10/19/2018,1645,A,62,6.0NRT,294.8,21.7,D,0,2018-10-19,306.388,54,998.62,306.388,306.388
-4.534,-48.653,356.1,1.0,1.0,10/19/2018,1645,A,85,6.0NRT,297.9,73.1,D,1,2018-10-19,306.388,54,998.62,306.388,306.388
-4.672,-49.75899999999999,335.2,1.2,1.1,10/19/2018,1645,A,88,6.0NRT,294.5,33.7,D,1,2018-10-19,305.913,56,1004.38,305.913,305.913
-4.473,-48.68,321.5,1.0,1.0,10/19/2018,1645,A,71,6.0NRT,299.6,11.8,D,1,2018-10-19,307.163,51,1007.05,307.163,307.163
-4.474,-48.69,327.7,1.0,1.0,10/19/2018,1645,A,80,6.0NRT,298.6,18.6,D,1,2018-10-19,307.163,51,1007.05,307.163,307.163
-4.085,-46.041000000000004,333.5,1.1,1.0,10/19/2018,1645,A,83,6.0NRT,301.2,25.3,D,1,2018-10-19,307.963,46,1005.68,307.963,307.963
-4.482,-48.88,319.1,1.1,1.0,10/19/2018,1645,A,28,6.0NRT,295.6,8.7,D,0,2018-10-19,307.163,51,1007.05,307.163,307.163
-4.325,-47.898,336.9,1.0,1.0,10/19/2018,1645,A,87,6.0NRT,297.4,31.1,D,1,2018-10-19,307.088,50,999.6,307.088,307.088
-4.368,-48.72,314.6,1.0,1.0,10/19/2018,1645,A,39,6.0NRT,294.6,7.3,D,0,2018-10-19,307.163,51,1007.05,307.163,307.163
-4.329,-48.77,320.8,1.0,1.0,10/19/2018,1645,A,69,6.0NRT,296.0,12.0,D,1,2018-10-19,307.163,51,1007.05,307.163,307.163
-4.331,-48.78,327.5,1.0,1.0,10/19/2018,1645,A,80,6.0NRT,298.0,19.8,D,1,2018-10-19,307.163,51,1007.05,307.163,307.163
-4.127,-47.413000000000004,372.9,1.0,1.0,10/19/2018,1645,A,100,6.0NRT,302.9,113.1,D,1,2018-10-19,307.388,53,1002.92,307.388,307.388
-4.128,-47.422,375.1,1.0,1.0,10/19/2018,1645,A,100,6.0NRT,304.1,121.8,D,1,2018-10-19,307.388,53,1002.92,307.388,307.388
-4.118,-47.413999999999994,324.4,1.0,1.0,10/19/2018,1645,A,39,6.0NRT,302.8,10.2,D,0,2018-10-19,307.388,53,1002.92,307.388,307.388
-3.446,-42.92,324.5,1.6,1.3,10/19/2018,1645,A,57,6.0NRT,304.8,16.4,D,0,2018-10-19,308.538,44,1009.73,308.538,308.538
-3.449,-42.934,329.5,1.6,1.3,10/19/2018,1645,A,73,6.0NRT,303.1,27.2,D,1,2018-10-19,308.538,44,1009.73,308.538,308.538
-4.446000000000001,-49.878,316.6,1.2,1.1,10/19/2018,1645,A,28,6.0NRT,296.7,9.0,D,0,2018-10-19,304.488,68,1009.24,304.488,304.488
-4.4030000000000005,-50.008,321.7,1.2,1.1,10/19/2018,1645,A,75,6.0NRT,295.7,16.3,D,1,2018-10-19,304.488,68,1009.24,304.488,304.488
-4.404,-50.018,330.0,1.2,1.1,10/19/2018,1645,A,83,6.0NRT,294.0,28.4,D,1,2018-10-19,304.488,68,1009.24,304.488,304.488
-4.037,-47.614,327.4,1.0,1.0,10/19/2018,1645,A,65,6.0NRT,305.2,16.7,D,0,2018-10-19,307.388,53,1002.92,307.388,307.388
-4.038,-47.623000000000005,325.2,1.0,1.0,10/19/2018,1645,A,49,6.0NRT,304.4,13.8,D,0,2018-10-19,307.388,53,1002.92,307.388,307.388
-4.13,-48.858999999999995,324.4,1.1,1.0,10/19/2018,1645,A,77,6.0NRT,297.2,14.8,D,1,2018-10-19,307.163,51,1007.05,307.163,307.163
-4.131,-48.868,325.9,1.1,1.0,10/19/2018,1645,A,78,6.0NRT,298.7,16.3,D,1,2018-10-19,307.163,51,1007.05,307.163,307.163
-4.079,-48.815,324.2,1.0,1.0,10/19/2018,1645,A,77,6.0NRT,298.0,14.1,D,1,2018-10-19,307.163,51,1007.05,307.163,307.163
-4.08,-48.824,320.1,1.0,1.0,10/19/2018,1645,A,53,6.0NRT,299.4,8.9,D,0,2018-10-19,307.163,51,1007.05,307.163,307.163
-3.9139999999999997,-47.726000000000006,327.0,1.0,1.0,10/19/2018,1645,A,80,6.0NRT,299.1,17.6,D,1,2018-10-19,307.088,50,999.6,307.088,307.088
-3.0669999999999997,-41.983000000000004,322.5,2.0,1.4,10/19/2018,1645,A,63,6.0NRT,301.8,20.2,D,0,2018-10-19,305.15,40,1009.0,305.15,305.15
-3.9360000000000004,-48.006,329.0,1.0,1.0,10/19/2018,1645,A,61,6.0NRT,299.3,18.4,D,0,2018-10-19,307.088,50,999.6,307.088,307.088
-4.079,-49.281000000000006,314.1,1.1,1.0,10/19/2018,1645,A,42,6.0NRT,294.2,6.4,D,0,2018-10-19,305.738,60,1008.68,305.738,305.738
-2.968,-41.768,320.6,2.1,1.4,10/19/2018,1645,A,46,6.0NRT,299.7,20.9,D,0,2018-10-19,305.15,40,1009.0,305.15,305.15
-4.172,-50.123999999999995,317.1,1.2,1.1,10/19/2018,1645,A,45,6.0NRT,295.1,9.7,D,0,2018-10-19,306.388,63,1002.51,306.388,306.388
-3.932,-48.89,318.2,1.1,1.0,10/19/2018,1645,A,63,6.0NRT,299.3,11.1,D,0,2018-10-19,307.163,51,1007.05,307.163,307.163
-4.218999999999999,-51.023999999999994,309.7,1.4,1.2,10/19/2018,1645,A,18,6.0NRT,288.8,5.8,D,0,2018-10-19,306.163,60,1004.95,306.163,306.163
-4.875,-56.026,312.6,3.4,1.7,10/19/2018,1645,A,62,6.0NRT,287.5,48.0,D,0,2018-10-19,305.063,70,998.46,305.063,305.063
-2.971,-42.73,327.1,1.7,1.3,10/19/2018,1645,A,68,6.0NRT,305.0,18.9,D,1,2018-10-19,306.413,49,1016.79,306.413,306.413
-2.952,-42.685,335.0,1.7,1.3,10/19/2018,1645,A,83,6.0NRT,303.4,40.8,D,1,2018-10-19,306.413,49,1016.79,306.413,306.413
-2.9389999999999996,-42.672,329.5,1.7,1.3,10/19/2018,1645,A,76,6.0NRT,304.0,23.8,D,1,2018-10-19,306.413,49,1016.79,306.413,306.413
-2.9410000000000003,-42.687,337.5,1.7,1.3,10/19/2018,1645,A,85,6.0NRT,304.9,47.9,D,1,2018-10-19,306.413,49,1016.79,306.413,306.413
-4.027,-50.236999999999995,327.9,1.2,1.1,10/19/2018,1645,A,72,6.0NRT,291.7,23.7,D,1,2018-10-19,306.388,63,1002.51,306.388,306.388
-2.9419999999999997,-42.678000000000004,340.4,1.7,1.3,10/19/2018,1645,A,87,6.0NRT,304.8,59.8,D,1,2018-10-19,306.413,49,1016.79,306.413,306.413
-2.944,-42.693999999999996,330.6,1.7,1.3,10/19/2018,1645,A,78,6.0NRT,304.8,25.7,D,1,2018-10-19,306.413,49,1016.79,306.413,306.413
-4.024,-50.233000000000004,339.3,1.2,1.1,10/19/2018,1645,A,85,6.0NRT,292.5,45.2,D,1,2018-10-19,306.388,63,1002.51,306.388,306.388
-4.013999999999999,-50.235,427.8,1.2,1.1,10/19/2018,1645,A,100,6.0NRT,300.6,601.9,D,1,2018-10-19,306.388,63,1002.51,306.388,306.388
-4.005,-50.236000000000004,355.9,1.2,1.1,10/19/2018,1645,A,98,6.0NRT,294.6,88.6,D,1,2018-10-19,306.388,63,1002.51,306.388,306.388
-3.966,-50.035,362.6,1.2,1.1,10/19/2018,1645,A,75,6.0NRT,292.8,113.4,D,1,2018-10-19,304.488,68,1009.24,304.488,304.488
-4.0169999999999995,-50.468999999999994,322.1,1.2,1.1,10/19/2018,1645,A,39,6.0NRT,292.0,17.2,D,0,2018-10-19,306.388,63,1002.51,306.388,306.388
-4.0089999999999995,-50.481,324.6,1.2,1.1,10/19/2018,1645,A,42,6.0NRT,293.4,20.4,D,0,2018-10-19,306.388,63,1002.51,306.388,306.388
-3.284,-45.831,346.1,1.1,1.0,10/19/2018,1645,A,92,6.0NRT,300.8,49.5,D,1,2018-10-19,303.038,82,1011.51,303.038,303.038
-3.285,-45.84,325.2,1.1,1.0,10/19/2018,1645,A,71,6.0NRT,300.8,14.0,D,1,2018-10-19,303.038,82,1011.51,303.038,303.038
-3.8289999999999997,-50.06,326.5,1.2,1.1,10/19/2018,1645,A,47,6.0NRT,288.7,22.5,D,0,2018-10-19,306.313,60,1011.11,306.313,306.313
-3.818,-50.051,440.5,1.2,1.1,10/19/2018,1645,A,94,6.0NRT,296.4,744.0,D,1,2018-10-19,306.313,60,1011.11,306.313,306.313
-3.819,-50.062,445.3,1.2,1.1,10/19/2018,1645,A,100,6.0NRT,295.9,817.2,D,1,2018-10-19,306.313,60,1011.11,306.313,306.313
-3.8139999999999996,-50.048,373.7,1.2,1.1,10/19/2018,1645,A,87,6.0NRT,291.5,151.3,D,1,2018-10-19,306.313,60,1011.11,306.313,306.313
-3.815,-50.058,447.9,1.2,1.1,10/19/2018,1645,A,87,6.0NRT,304.5,856.7,D,1,2018-10-19,306.313,60,1011.11,306.313,306.313
-3.833,-50.185,321.5,1.2,1.1,10/19/2018,1645,A,71,6.0NRT,292.0,17.0,D,1,2018-10-19,307.163,55,1009.97,307.163,307.163
-3.805,-50.06,333.8,1.2,1.1,10/19/2018,1645,A,86,6.0NRT,291.6,33.6,D,1,2018-10-19,306.313,60,1011.11,306.313,306.313
-4.051,-52.099,334.5,1.6,1.2,10/19/2018,1645,A,88,6.0NRT,290.4,60.7,D,1,2018-10-19,304.988,65,1007.95,304.988,304.988
-4.039,-52.1,322.4,1.6,1.2,10/19/2018,1645,A,69,6.0NRT,290.0,31.4,D,1,2018-10-19,304.988,65,1007.95,304.988,304.988
-3.7289999999999996,-50.162,332.9,1.2,1.1,10/19/2018,1645,A,86,6.0NRT,295.7,31.9,D,1,2018-10-19,307.163,55,1009.97,307.163,307.163
-3.73,-50.172,350.1,1.2,1.1,10/19/2018,1645,A,95,6.0NRT,296.4,70.3,D,1,2018-10-19,307.163,55,1009.97,307.163,307.163
-3.745,-50.278999999999996,320.2,1.2,1.1,10/19/2018,1645,A,64,6.0NRT,291.9,15.6,D,0,2018-10-19,307.163,55,1009.97,307.163,307.163
-3.72,-50.174,318.4,1.2,1.1,10/19/2018,1645,A,55,6.0NRT,294.8,10.5,D,0,2018-10-19,307.163,55,1009.97,307.163,307.163
-4.542,-56.251999999999995,321.0,3.5,1.8,10/19/2018,1645,A,0,6.0NRT,286.6,83.4,D,0,2018-10-19,307.15,56,1008.0,307.15,307.15
-3.852,-51.327,307.4,1.4,1.2,10/19/2018,1645,A,15,6.0NRT,288.4,7.5,D,0,2018-10-19,305.688,65,1011.27,305.688,305.688
-3.943,-52.06100000000001,312.6,1.6,1.2,10/19/2018,1645,A,65,6.0NRT,291.7,11.2,D,0,2018-10-19,304.988,65,1007.95,304.988,304.988
-3.679,-50.233999999999995,317.0,1.2,1.1,10/19/2018,1645,A,60,6.0NRT,292.3,13.1,D,0,2018-10-19,307.163,55,1009.97,307.163,307.163
-3.903,-51.853,311.4,1.5,1.2,10/19/2018,1645,A,59,6.0NRT,292.8,11.8,D,0,2018-10-19,305.063,67,1007.86,305.063,305.063
-3.483,-48.898,331.4,1.0,1.0,10/19/2018,1645,A,84,6.0NRT,295.8,25.0,D,1,2018-10-19,308.463,46,1008.68,308.463,308.463
-3.484,-48.907,327.9,1.0,1.0,10/19/2018,1645,A,81,6.0NRT,296.2,20.8,D,1,2018-10-19,307.638,50,1009.73,307.638,307.638
-4.138999999999999,-53.691,310.5,2.1,1.4,10/19/2018,1645,A,34,6.0NRT,288.8,19.2,D,0,2018-10-19,305.538,62,1009.24,305.538,305.538
-3.5989999999999998,-49.974,328.1,1.2,1.1,10/19/2018,1645,A,82,6.0NRT,293.2,24.9,D,1,2018-10-19,306.313,60,1011.11,306.313,306.313
-3.6010000000000004,-49.983999999999995,318.7,1.2,1.1,10/19/2018,1645,A,72,6.0NRT,291.5,12.4,D,1,2018-10-19,306.313,60,1011.11,306.313,306.313
-3.613,-50.067,345.9,1.2,1.1,10/19/2018,1645,A,93,6.0NRT,294.0,59.8,D,1,2018-10-19,306.313,60,1011.11,306.313,306.313
-3.614,-50.077,318.9,1.2,1.1,10/19/2018,1645,A,48,6.0NRT,295.8,12.0,D,0,2018-10-19,306.313,60,1011.11,306.313,306.313
-4.421,-56.152,323.0,3.4,1.7,10/19/2018,1645,A,75,6.0NRT,285.3,83.5,D,1,2018-10-19,307.15,56,1008.0,307.15,307.15
-4.405,-56.153999999999996,339.4,3.4,1.7,10/19/2018,1645,A,69,6.0NRT,288.0,210.3,D,1,2018-10-19,307.15,56,1008.0,307.15,307.15
-3.6519999999999997,-50.705,317.7,1.3,1.1,10/19/2018,1645,A,41,6.0NRT,291.7,10.3,D,0,2018-10-19,306.413,60,1008.84,306.413,306.413
-3.694,-51.08,319.3,1.3,1.2,10/19/2018,1645,A,22,6.0NRT,293.3,19.8,D,0,2018-10-19,306.413,60,1008.84,306.413,306.413
-3.8369999999999997,-52.126000000000005,333.0,1.6,1.2,10/19/2018,1645,A,82,6.0NRT,288.6,54.5,D,1,2018-10-19,304.638,66,1012.4,304.638,304.638
-3.863,-52.315,323.9,1.7,1.3,10/19/2018,1645,A,69,6.0NRT,285.1,42.0,D,1,2018-10-19,304.638,66,1012.4,304.638,304.638
-3.865,-52.33,328.6,1.7,1.3,10/19/2018,1645,A,63,6.0NRT,287.1,53.4,D,0,2018-10-19,304.638,66,1012.4,304.638,304.638
-3.835,-52.117,318.6,1.6,1.2,10/19/2018,1645,A,74,6.0NRT,288.0,20.8,D,1,2018-10-19,304.638,66,1012.4,304.638,304.638
-3.865,-52.32,329.7,1.7,1.3,10/19/2018,1645,A,62,6.0NRT,287.1,51.9,D,0,2018-10-19,304.638,66,1012.4,304.638,304.638
-4.41,-56.158,341.0,3.4,1.7,10/19/2018,1645,A,68,6.0NRT,287.6,222.0,D,1,2018-10-19,307.15,56,1008.0,307.15,307.15
-4.035,-53.788999999999994,324.7,2.2,1.4,10/19/2018,1645,A,76,6.0NRT,288.1,60.1,D,1,2018-10-19,305.213,65,1003.65,305.213,305.213
-4.038,-53.806999999999995,312.6,2.2,1.4,10/19/2018,1645,A,62,6.0NRT,289.1,24.5,D,0,2018-10-19,305.213,65,1003.65,305.213,305.213
-3.471,-49.851000000000006,320.7,1.1,1.1,10/19/2018,1645,A,74,6.0NRT,293.9,15.6,D,1,2018-10-19,306.313,60,1011.11,306.313,306.313
-3.785,-52.081,317.4,1.6,1.2,10/19/2018,1645,A,64,6.0NRT,291.9,16.9,D,0,2018-10-19,304.638,66,1012.4,304.638,304.638
-3.778,-52.111000000000004,324.4,1.6,1.2,10/19/2018,1645,A,80,6.0NRT,292.4,31.3,D,1,2018-10-19,304.638,66,1012.4,304.638,304.638
-3.78,-52.125,321.6,1.6,1.2,10/19/2018,1645,A,77,6.0NRT,292.7,26.8,D,1,2018-10-19,304.638,66,1012.4,304.638,304.638
-4.226,-55.489,324.6,3.0,1.6,10/19/2018,1645,A,81,6.0NRT,288.2,82.9,D,1,2018-10-19,307.15,56,1008.0,307.15,307.15
-4.23,-55.515,337.0,3.0,1.6,10/19/2018,1645,A,89,6.0NRT,287.1,164.4,D,1,2018-10-19,307.15,56,1008.0,307.15,307.15
-3.452,-50.063,315.4,1.2,1.1,10/19/2018,1645,A,56,6.0NRT,291.4,9.3,D,0,2018-10-19,306.313,60,1011.11,306.313,306.313
-3.4539999999999997,-50.074,315.1,1.2,1.1,10/19/2018,1645,A,57,6.0NRT,293.0,8.9,D,0,2018-10-19,306.313,60,1011.11,306.313,306.313
-3.449,-50.071000000000005,328.6,1.2,1.1,10/19/2018,1645,A,78,6.0NRT,293.5,26.5,D,1,2018-10-19,306.313,60,1011.11,306.313,306.313
-4.225,-55.496,332.6,3.0,1.6,10/19/2018,1645,A,86,6.0NRT,288.2,127.4,D,1,2018-10-19,307.15,56,1008.0,307.15,307.15
-4.229,-55.523,323.0,3.0,1.6,10/19/2018,1645,A,56,6.0NRT,287.0,72.0,D,0,2018-10-19,307.15,56,1008.0,307.15,307.15
-4.28,-55.883,314.5,3.2,1.7,10/19/2018,1645,A,56,6.0NRT,287.1,38.7,D,0,2018-10-19,307.15,56,1008.0,307.15,307.15
-3.428,-49.989,319.9,1.2,1.1,10/19/2018,1645,A,73,6.0NRT,294.2,15.7,D,1,2018-10-19,306.313,60,1011.11,306.313,306.313
-3.259,-48.873000000000005,320.9,1.0,1.0,10/19/2018,1645,A,70,6.0NRT,295.5,11.2,D,1,2018-10-19,307.563,51,1008.68,307.563,307.563
-3.26,-48.882,329.4,1.0,1.0,10/19/2018,1645,A,82,6.0NRT,294.7,21.7,D,1,2018-10-19,307.563,51,1008.68,307.563,307.563
-3.4330000000000003,-50.233000000000004,315.4,1.2,1.1,10/19/2018,1645,A,65,6.0NRT,290.9,11.7,D,0,2018-10-19,307.163,55,1009.97,307.163,307.163
-3.648,-51.839,308.1,1.5,1.2,10/19/2018,1645,A,34,6.0NRT,288.4,7.1,D,0,2018-10-19,305.688,65,1011.27,305.688,305.688
-3.38,-49.996,324.0,1.2,1.1,10/19/2018,1645,A,73,6.0NRT,293.9,20.6,D,1,2018-10-19,306.313,60,1011.11,306.313,306.313
-4.024,-54.67100000000001,323.6,2.5,1.5,10/19/2018,1645,A,79,6.0NRT,287.8,65.4,D,1,2018-10-19,305.588,61,1000.89,305.588,305.588
-4.0280000000000005,-54.695,329.0,2.6,1.5,10/19/2018,1645,A,84,6.0NRT,289.9,91.5,D,1,2018-10-19,305.588,61,1000.89,305.588,305.588
-3.365,-50.104,312.7,1.2,1.1,10/19/2018,1645,A,48,6.0NRT,290.8,8.2,D,0,2018-10-19,306.313,60,1011.11,306.313,306.313
-4.019,-54.678000000000004,322.2,2.5,1.5,10/19/2018,1645,A,78,6.0NRT,288.6,56.3,D,1,2018-10-19,305.588,61,1000.89,305.588,305.588
-4.022,-54.701,315.5,2.6,1.5,10/19/2018,1645,A,39,6.0NRT,289.1,33.1,D,0,2018-10-19,305.588,61,1000.89,305.588,305.588
-3.3560000000000003,-50.132,329.3,1.2,1.1,10/19/2018,1645,A,83,6.0NRT,289.0,28.1,D,1,2018-10-19,307.163,55,1009.97,307.163,307.163
-3.543,-51.433,310.7,1.4,1.2,10/19/2018,1645,A,52,6.0NRT,288.4,9.3,D,0,2018-10-19,305.688,65,1011.27,305.688,305.688
-3.341,-50.091,314.3,1.2,1.1,10/19/2018,1645,A,46,6.0NRT,290.6,9.7,D,0,2018-10-19,306.313,60,1011.11,306.313,306.313
-3.532,-51.434,339.1,1.4,1.2,10/19/2018,1645,A,85,6.0NRT,292.4,62.3,D,1,2018-10-19,305.688,65,1011.27,305.688,305.688
-3.534,-51.446999999999996,327.7,1.4,1.2,10/19/2018,1645,A,77,6.0NRT,293.0,36.6,D,1,2018-10-19,305.688,65,1011.27,305.688,305.688
-3.136,-48.783,318.7,1.0,1.0,10/19/2018,1645,A,59,6.0NRT,298.1,11.2,D,0,2018-10-19,307.563,51,1008.68,307.563,307.563
-3.323,-50.244,310.7,1.2,1.1,10/19/2018,1645,A,39,6.0NRT,289.6,6.1,D,0,2018-10-19,307.163,55,1009.97,307.163,307.163
-4.042,-55.472,343.9,3.0,1.6,10/19/2018,1645,A,88,6.0NRT,283.7,222.3,D,1,2018-10-19,307.15,56,1008.0,307.15,307.15
-3.8939999999999997,-54.581,319.7,2.5,1.5,10/19/2018,1645,A,59,6.0NRT,288.9,41.1,D,0,2018-10-19,306.663,57,1009.89,306.663,306.663
-3.897,-54.603,324.9,2.5,1.5,10/19/2018,1645,A,81,6.0NRT,288.6,62.0,D,1,2018-10-19,306.663,57,1009.89,306.663,306.663
-4.041,-55.479,346.0,3.0,1.6,10/19/2018,1645,A,89,6.0NRT,284.4,242.8,D,1,2018-10-19,307.15,56,1008.0,307.15,307.15
-4.045,-55.506,322.9,3.0,1.6,10/19/2018,1645,A,69,6.0NRT,285.1,83.5,D,1,2018-10-19,307.15,56,1008.0,307.15,307.15
-3.2880000000000003,-50.299,315.8,1.2,1.1,10/19/2018,1645,A,37,6.0NRT,293.4,10.4,D,0,2018-10-19,307.238,54,1015.33,307.238,307.238
-3.886,-54.589,324.5,2.5,1.5,10/19/2018,1645,A,80,6.0NRT,288.2,64.1,D,1,2018-10-19,306.663,57,1009.89,306.663,306.663
-3.889,-54.611000000000004,316.4,2.5,1.5,10/19/2018,1645,A,72,6.0NRT,288.9,34.4,D,1,2018-10-19,306.663,57,1009.89,306.663,306.663
-3.253,-50.336000000000006,313.6,1.2,1.1,10/19/2018,1645,A,62,6.0NRT,293.2,9.6,D,0,2018-10-19,307.238,54,1015.33,307.238,307.238
-3.32,-50.81100000000001,329.2,1.3,1.1,10/19/2018,1645,A,63,6.0NRT,291.3,32.4,D,0,2018-10-19,306.413,60,1008.84,306.413,306.413
-3.1919999999999997,-50.263999999999996,318.3,1.2,1.1,10/19/2018,1645,A,62,6.0NRT,291.4,12.9,D,0,2018-10-19,307.238,54,1015.33,307.238,307.238
-2.964,-48.867,319.9,1.0,1.0,10/19/2018,1645,A,51,6.0NRT,297.5,8.5,D,0,2018-10-19,307.563,51,1008.68,307.563,307.563
-3.5980000000000003,-53.549,310.2,2.0,1.4,10/19/2018,1645,A,57,6.0NRT,288.8,13.7,D,0,2018-10-19,304.463,70,1009.08,304.463,304.463
-3.091,-50.273999999999994,314.3,1.2,1.1,10/19/2018,1645,A,58,6.0NRT,293.9,10.7,D,0,2018-10-19,307.238,54,1015.33,307.238,307.238
-2.96,-49.49,357.6,1.1,1.0,10/19/2018,1645,A,93,6.0NRT,294.1,83.6,D,1,2018-10-19,307.938,50,1011.51,307.938,307.938
-3.034,-50.368,321.1,1.2,1.1,10/19/2018,1645,A,49,6.0NRT,292.8,15.4,D,0,2018-10-19,307.238,54,1015.33,307.238,307.238
-3.032,-50.363,313.4,1.2,1.1,10/19/2018,1645,A,32,6.0NRT,292.2,7.6,D,0,2018-10-19,307.238,54,1015.33,307.238,307.238
-3.033,-50.373999999999995,319.3,1.2,1.1,10/19/2018,1645,A,73,6.0NRT,293.1,14.8,D,1,2018-10-19,307.238,54,1015.33,307.238,307.238
-3.485,-53.96,312.7,2.2,1.4,10/19/2018,1645,A,38,6.0NRT,288.1,20.2,D,0,2018-10-19,305.238,66,1009.24,305.238,305.238
-3.42,-53.87,315.1,2.2,1.4,10/19/2018,1645,A,44,6.0NRT,289.6,22.3,D,0,2018-10-19,305.238,66,1009.24,305.238,305.238
-3.417,-53.857,310.4,2.1,1.4,10/19/2018,1645,A,44,6.0NRT,288.0,14.4,D,0,2018-10-19,305.238,66,1009.24,305.238,305.238
-3.2969999999999997,-53.096000000000004,318.1,1.9,1.3,10/19/2018,1645,A,68,6.0NRT,291.2,24.9,D,1,2018-10-19,304.463,70,1009.08,304.463,304.463
-3.426,-54.015,308.7,2.2,1.4,10/19/2018,1645,A,24,6.0NRT,284.7,15.6,D,0,2018-10-19,305.238,66,1009.24,305.238,305.238
-2.698,-48.943000000000005,322.9,1.0,1.0,10/19/2018,1645,A,55,6.0NRT,299.1,12.2,D,0,2018-10-19,307.938,50,1011.51,307.938,307.938
-3.285,-53.097,319.6,1.9,1.3,10/19/2018,1645,A,75,6.0NRT,287.5,28.1,D,1,2018-10-19,305.938,60,1009.0,305.938,305.938
-2.885,-50.402,312.6,1.2,1.1,10/19/2018,1645,A,53,6.0NRT,293.1,10.0,D,0,2018-10-19,307.238,54,1015.33,307.238,307.238
-3.339,-53.946999999999996,325.4,2.2,1.4,10/19/2018,1645,A,81,6.0NRT,287.2,60.6,D,1,2018-10-19,305.238,66,1009.24,305.238,305.238
-3.53,-55.388000000000005,309.8,2.9,1.6,10/19/2018,1645,A,47,6.0NRT,286.0,22.4,D,0,2018-10-19,306.388,55,1010.46,306.388,306.388
-3.34,-53.952,318.3,2.2,1.4,10/19/2018,1645,A,74,6.0NRT,287.0,39.7,D,1,2018-10-19,305.238,66,1009.24,305.238,305.238
-3.327,-53.953,313.5,2.2,1.4,10/19/2018,1645,A,59,6.0NRT,285.8,26.2,D,0,2018-10-19,305.238,66,1009.24,305.238,305.238
-2.555,-49.165,319.1,1.1,1.0,10/19/2018,1645,A,72,6.0NRT,295.7,10.0,D,1,2018-10-19,307.438,52,1014.44,307.438,307.438
-2.556,-49.174,336.6,1.1,1.0,10/19/2018,1645,A,88,6.0NRT,297.2,32.8,D,1,2018-10-19,307.438,52,1014.44,307.438,307.438
-3.094,-53.395,314.3,2.0,1.4,10/19/2018,1645,A,69,6.0NRT,287.1,24.7,D,1,2018-10-19,305.938,60,1009.0,305.938,305.938
-3.096,-53.412,308.2,2.0,1.4,10/19/2018,1645,A,55,6.0NRT,287.2,12.8,D,0,2018-10-19,305.938,60,1009.0,305.938,305.938
-3.091,-53.401,317.7,2.0,1.4,10/19/2018,1645,A,74,6.0NRT,287.4,33.5,D,1,2018-10-19,305.938,60,1009.0,305.938,305.938
-2.633,-50.71,367.7,1.2,1.1,10/19/2018,1645,A,94,6.0NRT,292.1,142.9,D,1,2018-10-19,307.988,50,1018.97,307.988,307.988
-2.4330000000000003,-49.602,328.7,1.1,1.0,10/19/2018,1645,A,82,6.0NRT,294.7,22.1,D,1,2018-10-19,306.788,55,1019.38,306.788,306.788
-3.016,-53.976000000000006,328.1,2.2,1.4,10/19/2018,1645,A,84,6.0NRT,285.0,71.2,D,1,2018-10-19,307.038,54,1008.35,307.038,307.038
-2.49,-50.417,319.8,1.2,1.1,10/19/2018,1645,A,70,6.0NRT,290.9,15.0,D,1,2018-10-19,308.888,46,1018.89,308.888,308.888
-2.487,-50.412,315.3,1.2,1.1,10/19/2018,1645,A,67,6.0NRT,291.7,10.9,D,1,2018-10-19,308.888,46,1018.89,308.888,308.888
-2.862,-54.481,325.6,2.4,1.5,10/19/2018,1645,A,83,6.0NRT,279.0,64.0,D,1,2018-10-19,306.15,59,1009.0,306.15,306.15
-2.865,-54.501999999999995,328.0,2.4,1.5,10/19/2018,1645,A,84,6.0NRT,281.6,75.3,D,1,2018-10-19,306.15,59,1009.0,306.15,306.15
-2.867,-54.485,326.2,2.4,1.5,10/19/2018,1645,A,83,6.0NRT,278.5,69.9,D,1,2018-10-19,306.15,59,1009.0,306.15,306.15
-2.87,-54.506,316.2,2.4,1.5,10/19/2018,1645,A,75,6.0NRT,281.2,35.8,D,1,2018-10-19,306.15,59,1009.0,306.15,306.15
-1.7790000000000001,-48.18,325.7,1.0,1.0,10/19/2018,1645,A,74,6.0NRT,296.6,17.7,D,1,2018-10-19,302.15,74,1008.0,302.15,302.15
-2.167,-50.88,327.7,1.3,1.1,10/19/2018,1645,A,82,6.0NRT,290.9,26.7,D,1,2018-10-19,307.988,50,1018.97,307.988,307.988
-2.17,-50.902,318.9,1.3,1.1,10/19/2018,1645,A,56,6.0NRT,288.6,15.1,D,0,2018-10-19,307.988,50,1018.97,307.988,307.988
-2.6060000000000003,-54.123000000000005,308.3,2.2,1.4,10/19/2018,1645,A,61,6.0NRT,277.5,19.4,D,0,2018-10-19,304.413,73,1013.95,304.413,304.413
-2.978,-56.894,308.8,3.7,1.8,10/19/2018,1645,A,0,6.0NRT,280.1,43.9,D,0,2018-10-19,305.988,60,1016.3,305.988,305.988
-2.9589999999999996,-57.242,311.2,3.9,1.8,10/19/2018,1645,A,50,6.0NRT,282.6,50.6,D,0,2018-10-19,305.988,60,1016.3,305.988,305.988
-1.774,-48.726000000000006,313.6,1.0,1.0,10/19/2018,1645,A,39,6.0NRT,295.7,5.1,D,0,2018-10-19,302.15,74,1008.0,302.15,302.15
-1.585,-47.851000000000006,323.9,1.0,1.0,10/19/2018,1645,A,53,6.0NRT,299.9,12.7,D,0,2018-10-19,304.688,70,1016.3,304.688,304.688
-1.9780000000000002,-50.701,319.0,1.2,1.1,10/19/2018,1645,A,73,6.0NRT,296.9,12.2,D,1,2018-10-19,307.163,54,1019.46,307.163,307.163
-1.98,-50.711999999999996,318.1,1.2,1.1,10/19/2018,1645,A,68,6.0NRT,297.2,10.0,D,1,2018-10-19,308.413,46,1019.22,308.413,308.413
-1.9780000000000002,-50.706,326.3,1.2,1.1,10/19/2018,1645,A,81,6.0NRT,297.5,20.9,D,1,2018-10-19,308.413,46,1019.22,308.413,308.413
-1.9509999999999998,-50.732,333.3,1.2,1.1,10/19/2018,1645,A,86,6.0NRT,300.8,32.0,D,1,2018-10-19,308.413,46,1019.22,308.413,308.413
-1.89,-50.653,317.4,1.2,1.1,10/19/2018,1645,A,47,6.0NRT,299.6,9.9,D,0,2018-10-19,307.163,54,1019.46,307.163,307.163
-2.4290000000000003,-55.117,317.2,2.6,1.6,10/19/2018,1645,A,74,6.0NRT,284.2,39.0,D,1,2018-10-19,306.15,59,1009.0,306.15,306.15
-2.424,-55.123000000000005,314.2,2.6,1.6,10/19/2018,1645,A,70,6.0NRT,283.9,29.8,D,1,2018-10-19,306.15,59,1009.0,306.15,306.15
-2.109,-53.46,308.9,1.9,1.3,10/19/2018,1645,A,57,6.0NRT,284.5,12.7,D,0,2018-10-19,308.563,44,1009.08,308.563,308.563
-2.29,-55.643,314.6,2.9,1.6,10/19/2018,1645,A,13,6.0NRT,281.0,29.7,D,0,2018-10-19,309.138,41,1008.84,309.138,309.138
-2.293,-55.669,321.7,2.9,1.6,10/19/2018,1645,A,73,6.0NRT,281.7,60.3,D,1,2018-10-19,309.138,41,1008.84,309.138,309.138
-2.2880000000000003,-55.648,319.1,2.9,1.6,10/19/2018,1645,A,70,6.0NRT,281.6,52.2,D,1,2018-10-19,309.138,41,1008.84,309.138,309.138
-2.292,-55.674,317.6,2.9,1.6,10/19/2018,1645,A,72,6.0NRT,282.3,45.9,D,1,2018-10-19,309.138,41,1008.84,309.138,309.138
-1.187,-48.86600000000001,321.3,1.0,1.0,10/19/2018,1645,A,53,6.0NRT,301.5,11.1,D,0,2018-10-19,302.15,74,1008.0,302.15,302.15
-1.167,-49.236999999999995,321.6,1.0,1.0,10/19/2018,1645,A,50,6.0NRT,299.9,10.8,D,0,2018-10-19,306.488,57,1019.62,306.488,306.488
-1.168,-49.246,324.0,1.0,1.0,10/19/2018,1645,A,77,6.0NRT,298.6,14.6,D,1,2018-10-19,306.488,57,1019.62,306.488,306.488
-1.814,-53.79,310.5,2.0,1.4,10/19/2018,1645,A,42,6.0NRT,280.0,11.8,D,0,2018-10-19,306.663,53,1005.19,306.663,306.663
-1.817,-53.808,348.0,2.0,1.4,10/19/2018,1645,A,95,6.0NRT,282.8,147.2,D,1,2018-10-19,306.663,53,1005.19,306.663,306.663
-1.819,-53.826,315.5,2.0,1.4,10/19/2018,1645,A,69,6.0NRT,281.1,23.4,D,1,2018-10-19,306.663,53,1005.19,306.663,306.663
-2.22,-56.786,326.7,3.5,1.8,10/19/2018,1645,A,72,6.0NRT,278.6,134.1,D,1,2018-10-19,305.088,64,1014.19,305.088,305.088
-2.226,-56.792,325.6,3.5,1.8,10/19/2018,1645,A,71,6.0NRT,278.7,125.6,D,1,2018-10-19,305.088,64,1014.19,305.088,305.088
-2.1319999999999997,-56.586999999999996,321.4,3.4,1.7,10/19/2018,1645,A,59,6.0NRT,279.9,83.1,D,0,2018-10-19,305.963,61,1013.79,305.963,305.963
-0.8490000000000001,-47.851000000000006,333.4,1.0,1.0,10/19/2018,1645,A,84,6.0NRT,299.6,24.6,D,1,2018-10-19,301.963,92,1021.41,301.963,301.963
-1.557,-52.872,319.6,1.7,1.3,10/19/2018,1645,A,65,6.0NRT,287.5,27.8,D,0,2018-10-19,306.638,55,1017.35,306.638,306.638
-1.5590000000000002,-52.876999999999995,322.9,1.7,1.3,10/19/2018,1645,A,78,6.0NRT,287.8,33.1,D,1,2018-10-19,306.638,55,1017.35,306.638,306.638
-1.63,-54.074,309.8,2.1,1.4,10/19/2018,1645,A,30,6.0NRT,277.2,14.1,D,0,2018-10-19,306.663,53,1005.19,306.663,306.663
-1.337,-52.446999999999996,314.3,1.6,1.2,10/19/2018,1645,A,65,6.0NRT,294.9,11.4,D,0,2018-10-19,306.488,56,1014.44,306.488,306.488
-1.618,-54.897,314.5,2.4,1.5,10/19/2018,1645,A,50,6.0NRT,282.8,36.2,D,0,2018-10-19,307.938,52,1008.19,307.938,307.938
-0.568,-48.658,324.1,1.0,1.0,10/19/2018,1645,A,38,6.0NRT,302.3,9.1,D,0,2018-10-19,303.963,70,1021.0,303.963,303.963
-0.634,-49.435,316.9,1.0,1.0,10/19/2018,1645,A,50,6.0NRT,300.9,6.9,D,0,2018-10-19,306.738,54,1019.87,306.738,306.738
-1.511,-55.727,307.3,2.8,1.6,10/19/2018,1645,A,36,6.0NRT,280.1,28.1,D,0,2018-10-19,306.838,55,1013.3,306.838,306.838
-1.508,-55.735,306.0,2.8,1.6,10/19/2018,1645,A,29,6.0NRT,281.2,23.1,D,0,2018-10-19,306.838,55,1013.3,306.838,306.838
-0.365,-49.492,350.7,1.0,1.0,10/19/2018,1645,A,95,6.0NRT,302.6,55.1,D,1,2018-10-19,306.738,54,1019.87,306.738,306.738
-0.35600000000000004,-49.493,330.5,1.0,1.0,10/19/2018,1645,A,77,6.0NRT,302.8,18.6,D,1,2018-10-19,306.738,54,1019.87,306.738,306.738
-0.34600000000000003,-49.485,332.8,1.0,1.0,10/19/2018,1645,A,83,6.0NRT,303.0,20.8,D,1,2018-10-19,306.738,54,1019.87,306.738,306.738
-0.336,-49.486999999999995,347.8,1.0,1.0,10/19/2018,1645,A,94,6.0NRT,304.3,48.8,D,1,2018-10-19,306.738,54,1019.87,306.738,306.738
-0.33,-49.493,325.9,1.0,1.0,10/19/2018,1645,A,77,6.0NRT,297.4,16.0,D,1,2018-10-19,306.738,54,1019.87,306.738,306.738
-0.243,-49.924,320.8,1.1,1.0,10/19/2018,1645,A,69,6.0NRT,303.0,9.3,D,1,2018-10-19,304.738,70,1021.0,304.738,304.738
-0.244,-49.934,326.4,1.1,1.0,10/19/2018,1645,A,79,6.0NRT,303.0,15.9,D,1,2018-10-19,304.738,70,1021.0,304.738,304.738
0.252,-51.105,319.7,1.2,1.1,10/19/2018,1645,A,43,6.0NRT,303.0,8.6,D,0,2018-10-19,307.15,52,1009.0,307.15,307.15
0.335,-51.385,318.7,1.2,1.1,10/19/2018,1645,A,37,6.0NRT,300.5,10.6,D,0,2018-10-19,307.15,52,1009.0,307.15,307.15
0.795,-50.825,320.3,1.1,1.1,10/19/2018,1645,A,73,6.0NRT,298.3,13.6,D,1,2018-10-19,309.338,42,1017.6,309.338,309.338
0.7929999999999999,-50.836000000000006,329.6,1.1,1.1,10/19/2018,1645,A,83,6.0NRT,299.5,26.1,D,1,2018-10-19,309.338,42,1017.6,309.338,309.338
0.732,-51.964,319.2,1.3,1.1,10/19/2018,1645,A,73,6.0NRT,299.6,14.8,D,1,2018-10-19,309.988,32,1001.38,309.988,309.988
0.73,-51.976000000000006,328.3,1.3,1.1,10/19/2018,1645,A,82,6.0NRT,298.5,30.1,D,1,2018-10-19,309.988,32,1001.38,309.988,309.988
1.798,-50.583999999999996,322.7,1.1,1.0,10/19/2018,1645,A,75,6.0NRT,303.5,12.5,D,1,2018-10-19,304.963,66,1021.41,304.963,304.963
1.82,-50.805,316.4,1.1,1.1,10/19/2018,1645,A,66,6.0NRT,300.3,7.8,D,1,2018-10-19,307.738,41,1012.0,307.738,307.738
2.161,-50.99100000000001,318.4,1.1,1.1,10/19/2018,1645,A,59,6.0NRT,297.4,11.0,D,0,2018-10-19,306.538,45,1018.57,306.538,306.538
2.16,-51.001000000000005,324.6,1.1,1.1,10/19/2018,1645,A,78,6.0NRT,301.3,19.2,D,1,2018-10-19,306.538,45,1018.57,306.538,306.538
1.5430000000000001,-55.648999999999994,318.8,2.5,1.5,10/19/2018,1645,A,70,6.0NRT,292.7,35.7,D,1,2018-10-19,306.388,61,981.84,306.388,306.388
1.537,-55.653,316.8,2.5,1.5,10/19/2018,1645,A,72,6.0NRT,292.7,30.3,D,1,2018-10-19,306.388,61,981.84,306.388,306.388
2.3569999999999998,-50.909,332.9,1.1,1.1,10/19/2018,1645,A,85,6.0NRT,305.2,26.5,D,1,2018-10-19,306.538,45,1018.57,306.538,306.538
2.39,-51.016000000000005,322.2,1.1,1.1,10/19/2018,1645,A,32,6.0NRT,306.0,12.3,D,0,2018-10-19,306.538,45,1018.57,306.538,306.538
2.551,-50.909,316.6,1.1,1.1,10/19/2018,1645,A,68,6.0NRT,301.4,8.1,D,1,2018-10-19,306.538,45,1018.57,306.538,306.538
1.848,-55.876999999999995,320.6,2.5,1.5,10/19/2018,1645,A,75,6.0NRT,290.7,42.3,D,1,2018-10-19,306.388,61,981.84,306.388,306.388
1.854,-55.882,323.6,2.5,1.5,10/19/2018,1645,A,73,6.0NRT,289.6,52.1,D,1,2018-10-19,306.388,61,981.84,306.388,306.388
3.025,-51.449,316.6,1.2,1.1,10/19/2018,1645,A,56,6.0NRT,298.6,9.5,D,0,2018-10-19,309.038,34,1007.46,309.038,309.038
3.023,-51.46,314.8,1.2,1.1,10/19/2018,1645,A,25,6.0NRT,299.3,7.5,D,0,2018-10-19,309.038,34,1007.46,309.038,309.038
3.2260000000000004,-51.333,324.2,1.1,1.1,10/19/2018,1645,A,68,6.0NRT,299.8,14.8,D,1,2018-10-19,309.038,34,1007.46,309.038,309.038
3.2239999999999998,-51.343999999999994,324.0,1.1,1.1,10/19/2018,1645,A,62,6.0NRT,297.4,15.9,D,0,2018-10-19,309.038,34,1007.46,309.038,309.038
3.234,-51.345,348.7,1.1,1.1,10/19/2018,1645,A,95,6.0NRT,299.5,61.0,D,1,2018-10-19,309.038,34,1007.46,309.038,309.038
3.2319999999999998,-51.355,328.6,1.1,1.1,10/19/2018,1645,A,52,6.0NRT,299.3,22.1,D,0,2018-10-19,309.038,34,1007.46,309.038,309.038
3.2689999999999997,-51.335,318.5,1.1,1.1,10/19/2018,1645,A,56,6.0NRT,303.2,10.6,D,0,2018-10-19,309.038,34,1007.46,309.038,309.038
3.2769999999999997,-51.611000000000004,337.6,1.2,1.1,10/19/2018,1645,A,89,6.0NRT,299.1,42.5,D,1,2018-10-19,307.15,46,1008.0,307.15,307.15
3.275,-51.621,335.0,1.2,1.1,10/19/2018,1645,A,87,6.0NRT,299.1,37.5,D,1,2018-10-19,307.15,46,1008.0,307.15,307.15
3.332,-51.365,340.5,1.1,1.1,10/19/2018,1645,A,90,6.0NRT,299.3,38.9,D,1,2018-10-19,308.188,38,1011.11,308.188,308.188
-22.013,-49.026,314.8,1.8,1.3,10/19/2018,1640,A,68,6.0NRT,292.6,16.0,D,1,2018-10-19,298.638,69,967.17,298.638,298.638
-17.252,-39.412,320.9,1.7,1.3,10/19/2018,1640,A,46,6.0NRT,294.8,13.8,D,0,2018-10-19,297.838,60,1019.7,297.838,297.838
-16.744,-40.085,323.0,1.6,1.2,10/19/2018,1640,A,51,6.0NRT,301.3,16.5,D,0,2018-10-19,294.963,71,972.52,294.963,294.963
-17.035,-41.948,331.8,1.2,1.1,10/19/2018,1640,A,81,6.0NRT,303.5,22.0,D,1,2018-10-19,295.313,65,969.69,295.313,295.313
-17.02,-41.917,336.3,1.2,1.1,10/19/2018,1640,A,85,6.0NRT,303.4,29.2,D,1,2018-10-19,295.313,65,969.69,295.313,295.313
-16.694000000000003,-40.126,341.6,1.6,1.2,10/19/2018,1640,A,89,6.0NRT,305.9,61.1,D,1,2018-10-19,294.963,71,972.52,294.963,294.963
-16.291,-40.274,327.6,1.5,1.2,10/19/2018,1640,A,71,6.0NRT,306.0,15.1,D,1,2018-10-19,297.713,59,984.92,297.713,297.713
-16.089000000000002,-40.306,330.2,1.6,1.2,10/19/2018,1640,A,78,6.0NRT,306.6,21.1,D,1,2018-10-19,297.713,59,984.92,297.713,297.713
-16.067,-40.521,320.8,1.5,1.2,10/19/2018,1640,A,54,6.0NRT,295.3,11.6,D,0,2018-10-19,298.338,54,982.74,298.338,298.338
-15.856,-39.739000000000004,332.5,1.7,1.3,10/19/2018,1640,A,83,6.0NRT,304.3,35.6,D,1,2018-10-19,298.538,65,1005.03,298.538,298.538
-15.844000000000001,-39.741,331.0,1.7,1.3,10/19/2018,1640,A,81,6.0NRT,304.2,31.2,D,1,2018-10-19,298.538,65,1005.03,298.538,298.538
-15.202,-40.242,348.3,1.6,1.3,10/19/2018,1640,A,94,6.0NRT,295.9,88.2,D,1,2018-10-19,296.338,74,978.03,296.338,296.338
-14.716,-41.988,339.8,1.3,1.1,10/19/2018,1640,A,87,6.0NRT,304.0,36.2,D,1,2018-10-19,296.888,69,937.02,296.888,296.888
-14.308,-39.842,312.6,1.8,1.3,10/19/2018,1640,A,35,6.0NRT,280.6,9.7,D,0,2018-10-19,298.813,65,1001.14,298.813,298.813
-14.35,-41.226000000000006,376.4,1.4,1.2,10/19/2018,1640,A,100,6.0NRT,303.8,206.4,D,1,2018-10-19,291.15,72,1018.0,291.15,291.15
-14.352,-41.24,364.6,1.4,1.2,10/19/2018,1640,A,100,6.0NRT,305.9,138.5,D,1,2018-10-19,299.488,60,959.47,299.488,299.488
-14.362,-42.336999999999996,385.4,1.2,1.1,10/19/2018,1640,A,100,6.0NRT,308.4,218.3,D,1,2018-10-19,297.313,67,944.23,297.313,297.313
-14.363,-42.348,372.2,1.2,1.1,10/19/2018,1640,A,100,6.0NRT,306.9,148.3,D,1,2018-10-19,297.313,67,944.23,297.313,297.313
-13.915,-41.251999999999995,321.4,1.5,1.2,10/19/2018,1640,A,59,6.0NRT,289.8,15.2,D,0,2018-10-19,297.738,69,950.8,297.738,297.738
-38.957,-60.838,309.4,1.1,1.1,10/19/2018,1815,A,68,6.0NRT,290.3,9.3,D,1,2018-10-19,288.938,86,1026.68,288.938,288.938
-35.854,-71.595,309.8,1.9,1.3,10/19/2018,1815,A,32,6.0NRT,294.9,12.6,D,0,2018-10-19,290.413,47,944.48,290.413,290.413
-32.853,-60.165,323.2,1.6,1.2,10/19/2018,1815,A,78,6.0NRT,294.6,32.6,D,1,2018-10-19,292.15,68,1015.0,292.15,292.15
-32.856,-60.181000000000004,324.4,1.6,1.2,10/19/2018,1815,A,79,6.0NRT,294.5,35.0,D,1,2018-10-19,292.15,68,1015.0,292.15,292.15
-32.854,-60.17,325.9,1.6,1.2,10/19/2018,1815,A,62,6.0NRT,295.3,34.3,D,0,2018-10-19,292.15,68,1015.0,292.15,292.15
-32.826,-65.102,379.1,1.0,1.0,10/19/2018,1815,A,100,6.0NRT,296.5,0.0,D,1,2018-10-19,293.713,68,937.42,293.713,293.713
-32.713,-64.955,342.5,1.0,1.0,10/19/2018,1815,A,88,6.0NRT,299.8,41.7,D,1,2018-10-19,293.713,68,937.42,293.713,293.713
-32.715,-64.96600000000001,339.7,1.0,1.0,10/19/2018,1815,A,74,6.0NRT,302.8,34.7,D,1,2018-10-19,293.713,68,937.42,293.713,293.713
-32.717,-64.977,355.5,1.0,1.0,10/19/2018,1815,A,98,6.0NRT,307.8,65.3,D,1,2018-10-19,293.713,68,937.42,293.713,293.713
-16.808,-67.817,329.3,1.1,1.0,10/19/2018,1820,A,79,6.0NRT,300.9,18.2,D,1,2018-10-19,287.15,54,1036.0,287.15,287.15
-16.538,-67.191,319.3,1.1,1.1,10/19/2018,1820,A,68,6.0NRT,301.7,11.2,D,1,2018-10-19,288.088,73,723.99,288.088,288.088
-15.862,-65.393,350.0,1.5,1.2,10/19/2018,1820,A,95,6.0NRT,296.1,91.7,D,1,2018-10-19,301.963,85,993.52,301.963,301.963
-15.811,-67.507,322.4,1.1,1.1,10/19/2018,1820,A,0,6.0NRT,288.4,17.0,D,0,2018-10-19,294.238,90,900.54,294.238,294.238
-15.464,-67.868,364.1,1.1,1.0,10/19/2018,1820,A,94,6.0NRT,290.0,103.8,D,1,2018-10-19,294.238,90,900.54,294.238,294.238
-15.453,-67.859,326.9,1.1,1.0,10/19/2018,1820,A,71,6.0NRT,297.0,20.1,D,1,2018-10-19,294.238,90,900.54,294.238,294.238
-15.454,-67.869,326.8,1.1,1.0,10/19/2018,1820,A,75,6.0NRT,294.9,20.4,D,1,2018-10-19,294.238,90,900.54,294.238,294.238
-15.449000000000002,-68.146,311.8,1.1,1.0,10/19/2018,1820,A,52,6.0NRT,289.3,5.8,D,0,2018-10-19,287.988,99,760.87,287.988,287.988
-15.41,-68.12899999999999,315.9,1.1,1.0,10/19/2018,1820,A,63,6.0NRT,293.6,8.0,D,0,2018-10-19,287.988,99,760.87,287.988,287.988
-15.392000000000001,-68.07,327.8,1.1,1.0,10/19/2018,1820,A,80,6.0NRT,295.6,20.4,D,1,2018-10-19,294.238,90,900.54,294.238,294.238
-14.909,-66.33800000000001,323.1,1.3,1.1,10/19/2018,1820,A,49,6.0NRT,300.8,12.7,D,0,2018-10-19,298.163,98,971.71,298.163,298.163
-14.96,-66.851,334.1,1.2,1.1,10/19/2018,1820,A,85,6.0NRT,304.9,24.1,D,1,2018-10-19,298.163,98,971.71,298.163,298.163
-14.962,-66.862,332.3,1.2,1.1,10/19/2018,1820,A,83,6.0NRT,304.9,21.3,D,1,2018-10-19,298.163,98,971.71,298.163,298.163
-14.960999999999999,-66.85600000000001,333.7,1.2,1.1,10/19/2018,1820,A,84,6.0NRT,305.6,24.0,D,1,2018-10-19,298.163,98,971.71,298.163,298.163
-14.869000000000002,-66.658,328.3,1.3,1.1,10/19/2018,1820,A,79,6.0NRT,302.8,18.5,D,1,2018-10-19,298.163,98,971.71,298.163,298.163
-14.773,-66.124,328.9,1.4,1.2,10/19/2018,1820,A,79,6.0NRT,302.5,21.0,D,1,2018-10-19,305.088,64,985.57,305.088,305.088
-14.775,-66.13600000000001,334.3,1.4,1.2,10/19/2018,1820,A,84,6.0NRT,303.2,32.1,D,1,2018-10-19,305.088,64,985.57,305.088,305.088
-14.762,-66.125,327.8,1.4,1.2,10/19/2018,1820,A,77,6.0NRT,304.3,18.1,D,1,2018-10-19,305.088,64,985.57,305.088,305.088
-14.764000000000001,-66.138,336.7,1.4,1.2,10/19/2018,1820,A,86,6.0NRT,303.6,37.2,D,1,2018-10-19,305.088,64,985.57,305.088,305.088
-14.842,-66.753,325.6,1.3,1.1,10/19/2018,1820,A,75,6.0NRT,304.1,10.7,D,1,2018-10-19,298.163,98,971.71,298.163,298.163
-14.357000000000001,-63.973,328.3,2.0,1.4,10/19/2018,1820,A,79,6.0NRT,294.0,44.2,D,1,2018-10-19,298.913,91,999.43,298.913,298.913
-14.83,-66.873,326.5,1.2,1.1,10/19/2018,1820,A,55,6.0NRT,302.8,10.8,D,0,2018-10-19,298.163,98,971.71,298.163,298.163
-14.626,-65.794,348.3,1.5,1.2,10/19/2018,1820,A,94,6.0NRT,305.6,73.9,D,1,2018-10-19,303.463,68,998.7,303.463,303.463
-14.639000000000001,-65.874,337.2,1.4,1.2,10/19/2018,1820,A,86,6.0NRT,303.1,42.9,D,1,2018-10-19,303.463,68,998.7,303.463,303.463
-14.792,-66.891,361.1,1.2,1.1,10/19/2018,1820,A,100,6.0NRT,303.2,102.6,D,1,2018-10-19,298.163,98,971.71,298.163,298.163
-14.794,-66.903,331.8,1.2,1.1,10/19/2018,1820,A,82,6.0NRT,300.6,25.1,D,1,2018-10-19,300.738,73,965.15,300.738,300.738
-14.607000000000001,-65.811,330.3,1.5,1.2,10/19/2018,1820,A,60,6.0NRT,305.8,18.9,D,0,2018-10-19,303.463,68,998.7,303.463,303.463
-14.783,-66.893,363.0,1.2,1.1,10/19/2018,1820,A,100,6.0NRT,304.2,109.4,D,1,2018-10-19,298.163,98,971.71,298.163,298.163
-14.784,-66.904,349.4,1.2,1.1,10/19/2018,1820,A,94,6.0NRT,301.3,65.7,D,1,2018-10-19,300.738,73,965.15,300.738,300.738
-14.782,-66.887,332.2,1.2,1.1,10/19/2018,1820,A,82,6.0NRT,303.2,20.6,D,1,2018-10-19,298.163,98,971.71,298.163,298.163
-14.783,-66.898,362.4,1.2,1.1,10/19/2018,1820,A,100,6.0NRT,304.7,106.3,D,1,2018-10-19,300.738,73,965.15,300.738,300.738
-14.602,-65.804,341.1,1.5,1.2,10/19/2018,1820,A,89,6.0NRT,304.4,47.1,D,1,2018-10-19,303.463,68,998.7,303.463,303.463
-14.773,-66.9,337.5,1.2,1.1,10/19/2018,1820,A,87,6.0NRT,302.3,33.6,D,1,2018-10-19,300.738,73,965.15,300.738,300.738
-14.732999999999999,-66.705,336.8,1.3,1.1,10/19/2018,1820,A,75,6.0NRT,303.0,28.8,D,1,2018-10-19,298.163,98,971.71,298.163,298.163
-14.735,-66.717,339.0,1.3,1.1,10/19/2018,1820,A,83,6.0NRT,303.9,34.5,D,1,2018-10-19,298.163,98,971.71,298.163,298.163
-14.725,-66.719,342.4,1.3,1.1,10/19/2018,1820,A,78,6.0NRT,305.4,42.8,D,1,2018-10-19,298.163,98,971.71,298.163,298.163
-14.386,-66.325,332.1,1.4,1.2,10/19/2018,1820,A,58,6.0NRT,304.0,24.2,D,0,2018-10-19,305.213,68,997.81,305.213,305.213
-14.375,-66.32600000000001,332.0,1.4,1.2,10/19/2018,1820,A,36,6.0NRT,307.2,23.6,D,0,2018-10-19,305.213,68,997.81,305.213,305.213
-14.488,-67.10600000000001,327.0,1.2,1.1,10/19/2018,1820,A,62,6.0NRT,299.5,18.8,D,0,2018-10-19,307.15,52,1010.0,307.15,307.15
-14.478,-67.108,328.4,1.2,1.1,10/19/2018,1820,A,78,6.0NRT,300.2,21.1,D,1,2018-10-19,307.15,52,1010.0,307.15,307.15
-13.838,-63.478,322.1,2.2,1.4,10/19/2018,1820,A,51,6.0NRT,291.0,29.4,D,0,2018-10-19,298.063,100,997.73,298.063,298.063
-13.841,-63.482,321.8,2.2,1.4,10/19/2018,1820,A,71,6.0NRT,291.2,32.6,D,1,2018-10-19,298.063,100,997.73,298.063,298.063
-14.321,-67.01899999999999,327.8,1.2,1.1,10/19/2018,1820,A,53,6.0NRT,303.4,14.5,D,0,2018-10-19,307.15,52,1010.0,307.15,307.15
-14.322000000000001,-67.031,328.9,1.2,1.1,10/19/2018,1820,A,65,6.0NRT,303.3,17.8,D,0,2018-10-19,307.15,52,1010.0,307.15,307.15
-14.197000000000001,-67.01,341.5,1.2,1.1,10/19/2018,1820,A,90,6.0NRT,307.4,38.2,D,1,2018-10-19,307.15,52,1010.0,307.15,307.15
-14.199000000000002,-67.02199999999999,377.9,1.2,1.1,10/19/2018,1820,A,87,6.0NRT,310.9,173.4,D,1,2018-10-19,307.15,52,1010.0,307.15,307.15
-14.190999999999999,-67.035,335.3,1.2,1.1,10/19/2018,1820,A,80,6.0NRT,306.2,24.2,D,1,2018-10-19,307.15,52,1010.0,307.15,307.15
-14.218,-67.27199999999999,322.2,1.2,1.1,10/19/2018,1820,A,44,6.0NRT,300.4,12.1,D,0,2018-10-19,307.15,52,1010.0,307.15,307.15
-13.975,-66.501,328.5,1.3,1.1,10/19/2018,1820,A,53,6.0NRT,304.6,19.1,D,0,2018-10-19,302.388,92,997.16,302.388,302.388
-13.457,-63.387,324.8,2.3,1.5,10/19/2018,1820,A,77,6.0NRT,286.9,46.9,D,1,2018-10-19,300.813,86,998.06,300.813,300.813
-13.460999999999999,-63.407,317.9,2.3,1.5,10/19/2018,1820,A,53,6.0NRT,289.6,23.0,D,0,2018-10-19,300.813,86,998.06,300.813,300.813
-13.447000000000001,-63.41,325.7,2.3,1.5,10/19/2018,1820,A,66,6.0NRT,289.2,44.8,D,1,2018-10-19,300.813,86,998.06,300.813,300.813
-13.450999999999999,-63.431000000000004,328.3,2.3,1.5,10/19/2018,1820,A,77,6.0NRT,290.1,52.6,D,1,2018-10-19,300.813,86,998.06,300.813,300.813
-13.979000000000001,-66.663,327.7,1.3,1.1,10/19/2018,1820,A,26,6.0NRT,301.7,17.3,D,0,2018-10-19,302.388,92,997.16,302.388,302.388
-13.36,-63.295,327.1,2.3,1.5,10/19/2018,1820,A,76,6.0NRT,287.7,55.4,D,1,2018-10-19,302.838,80,997.08,302.838,302.838
-13.347000000000001,-63.298,322.9,2.3,1.5,10/19/2018,1820,A,71,6.0NRT,288.6,37.7,D,1,2018-10-19,302.838,80,997.08,302.838,302.838
-13.363,-63.302,326.8,2.3,1.5,10/19/2018,1820,A,79,6.0NRT,287.7,56.5,D,1,2018-10-19,302.838,80,997.08,302.838,302.838
-13.919,-66.741,330.9,1.3,1.1,10/19/2018,1820,A,78,6.0NRT,301.2,21.7,D,1,2018-10-19,302.388,92,997.16,302.388,302.388
-13.35,-63.303999999999995,317.2,2.3,1.5,10/19/2018,1820,A,58,6.0NRT,288.4,22.5,D,0,2018-10-19,302.838,80,997.08,302.838,302.838
-13.909,-66.743,324.4,1.3,1.1,10/19/2018,1820,A,26,6.0NRT,300.6,11.0,D,0,2018-10-19,302.388,92,997.16,302.388,302.388
-13.333,-63.285,326.8,2.3,1.5,10/19/2018,1820,A,79,6.0NRT,289.4,55.1,D,1,2018-10-19,302.838,80,997.08,302.838,302.838
-13.337,-63.306999999999995,340.7,2.3,1.5,10/19/2018,1820,A,90,6.0NRT,289.3,121.6,D,1,2018-10-19,300.813,86,998.06,300.813,300.813
-13.889000000000001,-66.88,336.8,1.3,1.1,10/19/2018,1820,A,59,6.0NRT,300.1,39.0,D,0,2018-10-19,302.388,92,997.16,302.388,302.388
-13.879000000000001,-66.881,332.1,1.3,1.1,10/19/2018,1820,A,0,6.0NRT,297.1,27.0,D,0,2018-10-19,302.388,92,997.16,302.388,302.388
-13.880999999999998,-66.893,374.1,1.3,1.1,10/19/2018,1820,A,94,6.0NRT,299.6,167.8,D,1,2018-10-19,302.388,92,997.16,302.388,302.388
-13.870999999999999,-66.895,337.2,1.3,1.1,10/19/2018,1820,A,51,6.0NRT,300.4,33.4,D,0,2018-10-19,302.388,92,997.16,302.388,302.388
-13.873,-66.906,332.9,1.3,1.1,10/19/2018,1820,A,21,6.0NRT,300.6,24.2,D,0,2018-10-19,304.688,64,997.41,304.688,304.688
-13.878,-66.941,341.1,1.3,1.1,10/19/2018,1820,A,84,6.0NRT,304.1,41.0,D,1,2018-10-19,304.688,64,997.41,304.688,304.688
-13.865,-66.92,340.0,1.3,1.1,10/19/2018,1820,A,89,6.0NRT,303.8,38.9,D,1,2018-10-19,304.688,64,997.41,304.688,304.688
-13.867,-66.931,339.4,1.3,1.1,10/19/2018,1820,A,88,6.0NRT,305.1,36.6,D,1,2018-10-19,304.688,64,997.41,304.688,304.688
-13.868,-66.943,356.5,1.3,1.1,10/19/2018,1820,A,92,6.0NRT,305.7,87.3,D,1,2018-10-19,304.688,64,997.41,304.688,304.688
-13.865,-66.913,331.3,1.3,1.1,10/19/2018,1820,A,52,6.0NRT,302.2,19.0,D,0,2018-10-19,304.688,64,997.41,304.688,304.688
-13.867,-66.925,336.7,1.3,1.1,10/19/2018,1820,A,87,6.0NRT,304.3,31.0,D,1,2018-10-19,304.688,64,997.41,304.688,304.688
-13.868,-66.936,345.2,1.3,1.1,10/19/2018,1820,A,92,6.0NRT,307.4,51.9,D,1,2018-10-19,304.688,64,997.41,304.688,304.688
-13.222000000000001,-63.085,327.1,2.4,1.5,10/19/2018,1820,A,36,6.0NRT,289.8,59.2,D,0,2018-10-19,302.838,80,997.08,302.838,302.838
-13.895,-67.304,318.2,1.2,1.1,10/19/2018,1820,A,52,6.0NRT,296.2,9.6,D,0,2018-10-19,307.15,52,1010.0,307.15,307.15
-13.811,-66.898,336.6,1.3,1.1,10/19/2018,1820,A,85,6.0NRT,300.9,35.4,D,1,2018-10-19,304.688,64,997.41,304.688,304.688
-13.799000000000001,-66.888,330.9,1.3,1.1,10/19/2018,1820,A,76,6.0NRT,299.3,25.8,D,1,2018-10-19,302.388,92,997.16,302.388,302.388
-13.800999999999998,-66.9,340.7,1.3,1.1,10/19/2018,1820,A,89,6.0NRT,302.0,44.8,D,1,2018-10-19,304.688,64,997.41,304.688,304.688
-13.789000000000001,-66.89,350.7,1.3,1.1,10/19/2018,1820,A,83,6.0NRT,298.8,77.1,D,1,2018-10-19,302.388,92,997.16,302.388,302.388
-13.790999999999999,-66.902,337.0,1.3,1.1,10/19/2018,1820,A,87,6.0NRT,298.9,39.0,D,1,2018-10-19,304.688,64,997.41,304.688,304.688
-14.082,-68.984,314.3,1.0,1.0,10/19/2018,1820,A,62,6.0NRT,289.2,10.3,D,0,2018-10-19,298.963,67,900.05,298.963,298.963
-14.084000000000001,-68.994,315.1,1.0,1.0,10/19/2018,1820,A,69,6.0NRT,289.0,10.9,D,1,2018-10-19,298.963,67,900.05,298.963,298.963
-13.965,-68.998,310.8,1.0,1.0,10/19/2018,1820,A,51,6.0NRT,288.3,6.2,D,0,2018-10-19,298.963,67,900.05,298.963,298.963
-13.967,-69.008,311.0,1.0,1.0,10/19/2018,1820,A,36,6.0NRT,289.1,6.3,D,0,2018-10-19,298.963,67,900.05,298.963,298.963
-13.921,-69.138,309.9,1.0,1.0,10/19/2018,1820,A,59,6.0NRT,281.7,8.1,D,0,2018-10-19,298.963,67,900.05,298.963,298.963
-13.698,-67.958,320.4,1.1,1.1,10/19/2018,1820,A,39,6.0NRT,289.4,9.8,D,0,2018-10-19,304.888,62,988.82,304.888,304.888
-13.703,-67.98899999999999,323.8,1.1,1.1,10/19/2018,1820,A,74,6.0NRT,292.6,13.0,D,1,2018-10-19,304.888,62,988.82,304.888,304.888
-13.605,-68.501,324.8,1.1,1.0,10/19/2018,1820,A,38,6.0NRT,275.0,20.3,D,0,2018-10-19,301.588,64,943.02,301.588,301.588
-13.17,-66.928,337.7,1.3,1.1,10/19/2018,1820,A,87,6.0NRT,298.0,39.2,D,1,2018-10-19,304.413,64,998.06,304.413,304.413
-13.172,-66.94,325.9,1.3,1.1,10/19/2018,1820,A,76,6.0NRT,298.6,15.9,D,1,2018-10-19,304.413,64,998.06,304.413,304.413
-13.158,-66.918,334.8,1.3,1.1,10/19/2018,1820,A,80,6.0NRT,296.6,31.0,D,1,2018-10-19,304.413,64,998.06,304.413,304.413
-13.16,-66.93,340.3,1.3,1.1,10/19/2018,1820,A,89,6.0NRT,301.0,43.3,D,1,2018-10-19,304.413,64,998.06,304.413,304.413
-13.162,-66.942,354.9,1.3,1.1,10/19/2018,1820,A,97,6.0NRT,300.0,87.1,D,1,2018-10-19,304.413,64,998.06,304.413,304.413
-13.164000000000001,-66.954,329.7,1.3,1.1,10/19/2018,1820,A,80,6.0NRT,298.8,21.6,D,1,2018-10-19,304.413,64,998.06,304.413,304.413
